<!DOCTYPE mapper PUBLIC "-//mybatis.org//DTD Mapper 3.0//EN" "http://mybatis.org/dtd/mybatis-3-mapper.dtd">
<mapper namespace="com.nnd.dao.UserDao">
<resultMap id="UserMap" type="User">
<id column="id" property="id"/>
    <result column="username" property="username"/>
    <result column="password" property="password"/>
    <result column="isAdmin" property="isAdmin"/>
</resultMap>
    <select id="queryAllUsers" resultMap="UserMap">
        select *
        from user
    </select>

    <select id="queryUserById" parameterType="int" resultMap="UserMap">
        select *
        from user
        where id = #{id}
    </select>

    <insert id="addUser" parameterType="User">
        insert into user(id,username,password,isAdmin)
        values(0,#{username},#{password},#{isAdmin})
    </insert>

    <update id="updateUser" parameterType="User">
        update user
        set username = #{username},
        password = #{password},
        isAdmin = #{isAdmin}
        where id = #{id}
    </update>

    <delete id="deleteUserById" parameterType="int">
        delete from user
        where id = #{id}
    </delete>
    <select id="userLogin" resultMap="UserMap"
            parameterType="User">
        select * from user where username=#{username} and password=#{password}
    </select>
    <insert id="registerUser" parameterType="User">
        insert into user values (0,#{username},#{password},#{isAdmin})

    </insert>
</mapper>