{"CACHE_SYNC_FILE_HASH":{"D:\\HarmonyOsNextWorkspace\\smartTest\\.hvigor\\outputs\\sync\\output.json":"9dc9a44efbc51c5683821ff843d853d5aefa6d77aa087a223af0481059c3a053","D:\\HarmonyOsNextWorkspace\\smartTest\\entry\\hvigorfile.ts":"3336543882346af3b2d86e4de0d5c6210cc7de1a584c03a9f246223b9359ec13","D:\\HarmonyOsNextWorkspace\\smartTest\\hvigorfile.ts":"a2dccf5e62eb61e84e0f8d5f81e843d5a07bb599d8e14a9c3a2b64792d7713cc","D:\\HarmonyOsNextWorkspace\\smartTest\\entry\\build-profile.json5":"9c241b9b35338d1a9d86612741612e9f6b8496e3185be1f45833261516ae037a","D:\\HarmonyOsNextWorkspace\\smartTest\\hvigor\\hvigor-config.json5":"417f512059fe55679e2cc4eb538885c9207e707f543331e3a33e21f083d5ae36","D:\\HarmonyOsNextWorkspace\\smartTest\\entry\\oh-package.json5":"ce59bec526dcd78dedbc05c2e18f02988a4db8d904f27c01080234850f7c258c","D:\\HarmonyOsNextWorkspace\\smartTest\\oh-package.json5":"5895d0a3662553e3f2ef8c7f7fc350cecbe9ca6f9d59abeaa4bad5b4e7574881","D:\\HarmonyOsNextWorkspace\\smartTest\\build-profile.json5":"190eaaf43501e9ea03608c254b39148bb16d928a4fd361488a3eaabaee88afb9"},"OHPM_INSTALL_FILE_HASH":{"D:\\HarmonyOsNextWorkspace\\smartTest\\entry\\oh-package.json5":"ce59bec526dcd78dedbc05c2e18f02988a4db8d904f27c01080234850f7c258c","D:\\HarmonyOsNextWorkspace\\smartTest\\oh-package.json5":"5895d0a3662553e3f2ef8c7f7fc350cecbe9ca6f9d59abeaa4bad5b4e7574881","D:\\HarmonyOsNextWorkspace\\smartTest\\entry\\oh_modules":false,"D:\\HarmonyOsNextWorkspace\\smartTest\\oh_modules":true}}