{
  "string": [
    {
      "name": "module_desc",
      "value": "模块描述"
    },
    {
      "name": "EntryAbility_desc",
      "value": "description"
    },
    {
      "name": "EntryAbility_label",
      "value": "智能家居"
    },
    {
      "name": "page_close",
      "value": "关闭"
    },
    {
      "name": "scene_clean",
      "value": "离家时自动打扫"
    },
    {
      "name": "scene_openair",
      "value": "PM2.5过高时自动开启空净"
    },
    {
      "name": "scene_openLight",
      "value": "回家时自动开启灯"
    },
    {
      "name": "scene_name",
      "value": "智能场景"
    },
    {
      "name": "dialog_value",
      "value": "值"
    },
    {
      "name": "dialog_max",
      "value": "最大"
    },
    {
      "name": "my_family",
      "value": "我的家庭"
    },
    {
      "name": "devices_number",
      "value": "共0个设备"
    },
    {
      "name": "addEquipments_string1",
      "value": "您还没有智能设备"
    },
    {
      "name": "addEquipments_string2",
      "value": "添加设备后，将为您管理智能家居"
    },
    {
      "name": "addEquipments_string3",
      "value": "立即添加设备"
    },
    {
      "name": "air_cleaner",
      "value": "空气净化器"
    },{
      "name": "particulate_matter_air_cleaner",
      "value": "PM2.5值"
    },
    {
      "name": "indoor_air_quality_air_cleaner",
      "value": "室内：优"
    },
    {
      "name": "open_air_cleaner",
      "value": "开机"
    },
    {
      "name": "auto_air_cleaner",
      "value": "自动"
    },
    {
      "name": "sleep_air_cleaner",
      "value": "睡眠"
    },
    {
      "name": "filterlife_air_cleaner",
      "value": "滤芯剩余(%)"
    },
    {
      "name": "temperature_air_cleaner",
      "value": "温度(℃)"
    },
    {
      "name": "humidity_air_cleaner",
      "value": "湿度(℃)"
    },
    {
      "name": "privacy_message1",
      "value": "请阅读以下隐私协议，点击确定表示您已接受："
    },
    {
      "name": "privacy_message2",
      "value": "这里是协议内容，请看仔细了："
    },
    {
      "name": "privacy_message3",
      "value": "我们尊重并保护您的隐私，收集的信息仅用于提升服务体验，严格保密，不泄露给第三方，除非法律要求……"
    },
    {
      "name": "privacy_message4",
      "value": "（如果您想阅读隐私协议完整内容请点击这里）"
    },
    {
      "name": "button_ok",
      "value": "确认"
    },
    {
      "name": "button_cancel",
      "value": "取消"
    },
    {
      "name": "Home_roomName1",
      "value": "室外"
    },
    {
      "name": "Home_roomName2",
      "value": "主卧"
    },
    {
      "name": "Home_roomName3",
      "value": "厨房"
    },
    {
      "name": "AddRoomPage_roomName4",
      "value":"客厅"
    },
    {
      "name": "AddRoomPage_roomName5",
      "value":"车库"
    },
    {
      "name": "add_room",
      "value":"添加房间"
    },
    {
      "name": "devices",
      "value": "个设备"
    },
    {
      "name": "app_name",
      "value": "智能家居App"
    },
    {
      "name": "user_prompt",
      "value": "请输入用户名"
    },
    {
      "name": "password_prompt",
      "value": "请输入密码"
    },
    {
      "name": "forgot_password",
      "value": "忘记密码"
    },
    {
      "name": "register",
      "value": "立即注册"
    },
    {
      "name": "app_login",
      "value": "登录"
    },
    {
      "name": "username_err",
      "value": "用户名格式不正确"
    },
    {
      "name": "password_err",
      "value": "密码格式不正确"
    },
    {
      "name": "privacy_message",
      "value": "隐私协议"
    },
    {
      "name": "Specific_Privacy_Agreement",
      "value": "              '1. 引言\\n' +\n              '\\n' +\n              '我们（公司全称）非常重视您的隐私权，并致力于保护您的个人信息。本隐私协议旨在向您说明我们如何收集、使用、存储和分享您的个人信息，以及您如何行使相关权利。请在使用我们的服务（包括但不限于网站、应用程序等）前，仔细阅读本隐私协议。\\n' +\n              '\\n' +\n              '2. 信息的收集\\n' +\n              '\\n' +\n              '个人信息：我们可能会收集您的姓名、联系方式（如电话号码、电子邮箱地址）、地址、性别、年龄等个人信息，这些信息通常是在您注册账户、使用服务或参与特定活动时提供的。\\n' +\n              '使用数据：我们还会收集关于您如何使用我们服务的数据，如访问时间、浏览记录、搜索查询等，以便优化我们的服务并为您提供更个性化的体验。\\n' +\n              '敏感信息：除非获得您明确的同意或法律要求，我们不会收集您的敏感信息（如健康信息、财务信息）。\\n' +\n              '3. 信息的使用\\n' +\n              '\\n' +\n              '我们将使用您的个人信息来提供您请求的服务，改进我们的产品和服务，进行市场调研，以及向您发送与我们的服务相关的通知和营销信息（除非您选择不接收）。\\n' +\n              '我们不会将您的个人信息出售给第三方，但可能会在以下情况下与第三方分享：\\n' +\n              '经您明确同意；\\n' +\n              '与我们的服务提供商（如支付处理商、数据存储提供商）合作，以支持我们的服务；\\n' +\n              '遵守法律义务或响应政府请求；\\n' +\n              '在涉及企业合并、收购或破产等法律程序时。\\n' +\n              '4. 信息的存储与安全\\n' +\n              '\\n' +\n              '我们将采取合理的技术和组织措施来保护您的个人信息免受未经授权的访问、使用、泄露、破坏或丢失。\\n' +\n              '您的个人信息可能存储在位于您所在国家/地区或其他地方的服务器上。我们遵守适用的数据保护法律，并采取适当措施确保跨境数据转移的安全性。\\n' +\n              '5. 您的权利\\n' +\n              '\\n' +\n              '访问与更正：您有权访问并更正我们持有的关于您的个人信息。\\n' +\n              '删除：在特定情况下，您有权要求我们删除您的个人信息。\\n' +\n              '反对与限制：您有权反对我们处理您的个人信息，或在特定情况下限制我们对您的个人信息的处理。\\n' +\n              '数据可携带权：在适用的情况下，您有权要求我们以可携带的格式提供您的个人信息。\\n' +\n              '6. 变更\\n' +\n              '\\n' +\n              '我们有权随时修改本隐私协议。任何修改将在本网站或相关服务上公布，并自公布之日起生效。请定期查看本隐私协议以了解最新信息。\\n' +\n              '\\n' +\n              '7. 联系我们\\n' +\n              '\\n' +\n              '如果您对本隐私协议有任何疑问或需要行使您的权利，请通过以下方式联系我们：[联系信息，如电子邮件地址、电话号码或联系表单链接]'\n             "
    },
    {
      "name": "User_Registration",
      "value": "用户注册"
    },
    {
      "name": "Enter_email",
      "value": "请输入邮箱"
    },
    {
      "name": "Confirm_password",
      "value": "请输入确认密码"
    },
    {
      "name": "phone_number",
      "value": "请输入手机号"
    },
    {
      "name": "code1",
      "value": "请获取验证码"
    },
    {
      "name": "code2",
      "value": "获取验证码"
    },
    {
      "name": "register1",
      "value": "注册"
    },
    {
      "name": "privacy_message5",
      "value": "请勾选同意<<用户隐私协议>>"
    },
    {
      "name": "MyPage_QRcode",
      "value": "二维码"
    },
    {
      "name": "MyPage_Usermessage",
      "value": "用户信息"
    },
    {
      "name": "MyPage_Username",
      "value": "用户名称："
    },
    {
      "name": "MyPage_PQRcode",
      "value": "个人二维码："
    },
    {
      "name": "MyPage_nickame",
      "value": "昵称："
    },
    {
      "name": "MyPage_email",
      "value": "邮箱："
    },
    {
      "name": "MyPage_phoneNumber",
      "value": "电话："
    },
    {
      "name": "MyPage_avatar",
      "value": "头像："
    },
    {
      "name": "MyPage_Imageselect",
      "value": "图片选择"
    },
    {
      "name": "MyPage_ChangeName",
      "value": "修改用户名"
    },
    {
      "name": "MyPage_ChangeNickname",
      "value": "修改昵称"
    },
    {
      "name": "MyPage_ChangeEmail",
      "value": "修改邮箱"
    },
    {
      "name": "MyPage_ChangePhone",
      "value": "修改电话"
    },
    {
      "name": "Message_device_message",
      "value": "设备消息"
    },
    {
      "name": "Message_system_message",
      "value": "系统消息"
    },
    {
      "name": "Message_enter_query_content",
      "value": "请输入查询内容"
    },
    {
      "name": "New_password",
      "value": "请输入新密码"
    },
    {
      "name": "SmartFingerprint_AntitheftLock",
      "value":"智能指纹防盗门锁"
    },
    {
      "name": "Devicestatus_isconnected",
      "value":"设备状态已连接"
    },
    {
      "name": "Access_Log",
      "value":"开门记录"
    },
    {
      "name": "Repair_Request",
      "value":"报修"
    },
    {
      "name": "Enroll_NewFingerprint",
      "value":"录入新指纹"
    },
    {
      "name": "Hijacking_Alert",
      "value":"劫持报警"
    },
    {
      "name": "first_fingerprint",
      "value":"指纹一"
    },
    {
      "name": "Second_fingerprint",
      "value":"指纹二"
    },
    {
      "name": "Third_fingerprint",
      "value":"指纹三"
    },
    {
      "name": "more_action",
      "value":"更多操作"
    },
    {
      "name": "add_favorites",
      "value":"添加收藏"
    },
    {
      "name": "add_success",
      "value":"添加成功"
    },
    {
      "name": "refresh_page",
      "value":"刷新页面"
    },
    {
      "name": "refresh_success",
      "value":"刷新成功"
    },
    {
      "name": "copy_link",
      "value":"复制链接"
    },
    {
      "name": "action_success",
      "value":"操作成功"
    },
    {
      "name": "exit",
      "value":"退出"
    },
    {
      "name": "cancel_action",
      "value":"取消操作"
    }
  ]

}