{":smartHomeItem:entry:default@PreBuild":{"_inputs":[{"dataType":"ValueEntry","value":"{\"_name\":\"BUILTIN_TASK_COMMAND\",\"_value\":\"\",\"_valueType\":\"string\"}"},{"dataType":"ValueEntry","value":"{\"_name\":\"BUILTIN_TASK_ENV\",\"_value\":\"\",\"_valueType\":\"string\"}"},{"dataType":"ValueEntry","value":"{\"_name\":\"BUILTIN_TASK_TOOLCHAIN\",\"_value\":\"\",\"_valueType\":\"string\"}"},{"dataType":"ValueEntry","value":"{\"_name\":\"apiType\",\"_value\":\"stageMode\",\"_valueType\":\"string\"}"},{"dataType":"ValueEntry","value":"{\"_name\":\"byteCodeHar\",\"_value\":false,\"_valueType\":\"boolean\"}"},{"dataType":"ValueEntry","value":"{\"_name\":\"codeType\",\"_value\":true,\"_valueType\":\"boolean\"}"},{"dataType":"ValueEntry","value":"{\"_name\":\"compatibleApiVersion\",\"_value\":12,\"_valueType\":\"number\"}"},{"dataType":"ValueEntry","value":"{\"_name\":\"compileApiVersion\",\"_value\":12,\"_valueType\":\"number\"}"},{"dataType":"ValueEntry","value":"{\"_name\":\"customTypes\",\"_value\":\"\",\"_valueType\":\"string\"}"},{"dataType":"ValueEntry","value":"{\"_name\":\"deviceType\",\"_value\":[\"phone\",\"tablet\",\"2in1\"],\"_valueType\":\"object\"}"},{"dataType":"ValueEntry","value":"{\"_name\":\"integrated_hsp\",\"_value\":false,\"_valueType\":\"boolean\"}"},{"dataType":"ValueEntry","value":"{\"_name\":\"isSupportOhpmProj\",\"_value\":true,\"_valueType\":\"boolean\"}"},{"dataType":"ValueEntry","value":"{\"_name\":\"mockConfigSources\",\"_value\":\"\",\"_valueType\":\"string\"}"},{"dataType":"ValueEntry","value":"{\"_name\":\"moduleJsonOpt\",\"_value\":\"{\\\"jsonFilePath\\\":\\\"C:\\\\\\\\Users\\\\\\\\lenovo\\\\\\\\Desktop\\\\\\\\smartHomeItem\\\\\\\\entry\\\\\\\\src\\\\\\\\main\\\\\\\\module.json5\\\",\\\"profile\\\":{\\\"module\\\":{\\\"name\\\":\\\"entry\\\",\\\"type\\\":\\\"entry\\\",\\\"description\\\":\\\"$string:module_desc\\\",\\\"mainElement\\\":\\\"EntryAbility\\\",\\\"deviceTypes\\\":[\\\"phone\\\",\\\"tablet\\\",\\\"2in1\\\"],\\\"deliveryWithInstall\\\":true,\\\"installationFree\\\":false,\\\"pages\\\":\\\"$profile:main_pages\\\",\\\"abilities\\\":[{\\\"name\\\":\\\"EntryAbility\\\",\\\"srcEntry\\\":\\\"./ets/entryability/EntryAbility.ets\\\",\\\"description\\\":\\\"$string:EntryAbility_desc\\\",\\\"icon\\\":\\\"$media:home\\\",\\\"label\\\":\\\"$string:EntryAbility_label\\\",\\\"startWindowIcon\\\":\\\"$media:startIcon\\\",\\\"startWindowBackground\\\":\\\"$color:start_window_background\\\",\\\"exported\\\":true,\\\"skills\\\":[{\\\"entities\\\":[\\\"entity.system.home\\\"],\\\"actions\\\":[\\\"action.system.home\\\"]}]}],\\\"extensionAbilities\\\":[{\\\"name\\\":\\\"EntryBackupAbility\\\",\\\"srcEntry\\\":\\\"./ets/entrybackupability/EntryBackupAbility.ets\\\",\\\"type\\\":\\\"backup\\\",\\\"exported\\\":false,\\\"metadata\\\":[{\\\"name\\\":\\\"ohos.extension.backup\\\",\\\"resource\\\":\\\"$profile:backup_config\\\"}]}],\\\"requestPermissions\\\":[{\\\"name\\\":\\\"ohos.permission.INTERNET\\\"}]}},\\\"deviceTypes\\\":[\\\"phone\\\",\\\"tablet\\\",\\\"2in1\\\"],\\\"deviceConfig\\\":\\\"deviceTypes\\\",\\\"configurationProfile\\\":\\\"module.json5\\\"}\",\"_valueType\":\"string\"}"},{"dataType":"ValueEntry","value":"{\"_name\":\"profileModuleName\",\"_value\":\"entry\",\"_valueType\":\"string\"}"},{"dataType":"ValueEntry","value":"{\"_name\":\"sdkToolchainsComponentVersion\",\"_value\":\"5.0.0.31\",\"_valueType\":\"string\"}"},{"dataType":"ValueEntry","value":"{\"_name\":\"sourceRoots\",\"_value\":true,\"_valueType\":\"boolean\"}"},{"dataType":"ValueEntry","value":"{\"_name\":\"targetStatusCode\",\"_value\":2,\"_valueType\":\"number\"}"},{"dataType":"ValueEntry","value":"{\"_name\":\"transformLib\",\"_value\":\"\",\"_valueType\":\"string\"}"},{"dataType":"ValueEntry","value":"{\"_name\":\"useNormalizedOHMUrl\",\"_value\":false,\"_valueType\":\"boolean\"}"}],"_successful":true,"_projectName":"smartHomeItem","_moduleName":"entry","_taskName":"default@PreBuild","_key":":smartHomeItem:entry:default@PreBuild","_executionId":":smartHomeItem:entry:default@PreBuild:1726848548398","_inputFiles":{"dataType":"Map","value":[["C:\\Users\\lenovo\\Desktop\\smartHomeItem\\AppScope\\app.json5",{"isDirectory":false,"fileSnapShotHashValue":"84d434f8d310385740387769d055b09b"}],["C:\\Users\\lenovo\\Desktop\\smartHomeItem\\entry\\src\\main\\module.json5",{"isDirectory":false,"fileSnapShotHashValue":"c1bbf4910381f67aa5552a8bd8e688dd"}],["C:\\Users\\lenovo\\Desktop\\smartHomeItem\\build-profile.json5",{"fileSnapShotHashValue":"a08bb36750d19c13f3ba8e55e02e9fe6"}],["C:\\Users\\lenovo\\Desktop\\smartHomeItem\\entry\\build-profile.json5",{"fileSnapShotHashValue":"26f02ec73311b1712b444dff8cc5f587"}],["C:\\Users\\lenovo\\Desktop\\smartHomeItem\\entry\\src\\main\\resources\\base\\profile\\main_pages.json",{"fileSnapShotHashValue":"2a60273092b28fcb47e4d940b81a0a1f"}],["C:\\Users\\lenovo\\Desktop\\smartHomeItem\\hvigor\\hvigor-config.json5",{"isDirectory":true,"fileSnapShotHashValue":"ca821fbbd31bf6efd55ea165c55d3713"}],["C:\\Users\\lenovo\\Desktop\\smartHomeItem\\entry\\src\\mock\\mock-config.json5",{"isDirectory":false,"fileSnapShotHashValue":"8bbd0de19d2ec807cfc3dfc35045688b"}],["C:\\Users\\lenovo\\Desktop\\smartHomeItem\\entry\\oh-package.json5",{"fileSnapShotHashValue":"5c9172cd25b7fb1ea68737493794c67e"}]]},"_outputFiles":{"dataType":"Map","value":[]}},":smartHomeItem:entry:default@MergeProfile":{"_inputs":[{"dataType":"ValueEntry","value":"{\"_name\":\"BUILTIN_TASK_COMMAND\",\"_value\":\"\",\"_valueType\":\"string\"}"},{"dataType":"ValueEntry","value":"{\"_name\":\"BUILTIN_TASK_ENV\",\"_value\":\"\",\"_valueType\":\"string\"}"},{"dataType":"ValueEntry","value":"{\"_name\":\"BUILTIN_TASK_TOOLCHAIN\",\"_value\":\"\",\"_valueType\":\"string\"}"},{"dataType":"ValueEntry","value":"{\"_name\":\"appJsonOpt\",\"_value\":\"{\\\"app\\\":{\\\"bundleName\\\":\\\"com.example.myapplication444\\\",\\\"vendor\\\":\\\"example\\\",\\\"versionCode\\\":1000000,\\\"versionName\\\":\\\"1.0.0\\\",\\\"icon\\\":\\\"$media:home\\\",\\\"label\\\":\\\"$string:app_name\\\"}}\",\"_valueType\":\"string\"}"},{"dataType":"ValueEntry","value":"{\"_name\":\"asanEnable\",\"_value\":false,\"_valueType\":\"boolean\"}"},{"dataType":"ValueEntry","value":"{\"_name\":\"buildProfileAbilities\",\"_valueType\":\"undefined\"}"},{"dataType":"ValueEntry","value":"{\"_name\":\"buildRoot\",\"_value\":\".preview\",\"_valueType\":\"string\"}"},{"dataType":"ValueEntry","value":"{\"_name\":\"compatibleSdkVersion\",\"_value\":12,\"_valueType\":\"number\"}"},{"dataType":"ValueEntry","value":"{\"_name\":\"integratedHsp\",\"_value\":false,\"_valueType\":\"boolean\"}"},{"dataType":"ValueEntry","value":"{\"_name\":\"isDebug\",\"_value\":true,\"_valueType\":\"boolean\"}"},{"dataType":"ValueEntry","value":"{\"_name\":\"isHarModule\",\"_value\":false,\"_valueType\":\"boolean\"}"},{"dataType":"ValueEntry","value":"{\"_name\":\"moduleJsonOpt\",\"_value\":\"{\\\"module\\\":{\\\"name\\\":\\\"entry\\\",\\\"type\\\":\\\"entry\\\",\\\"description\\\":\\\"$string:module_desc\\\",\\\"mainElement\\\":\\\"EntryAbility\\\",\\\"deviceTypes\\\":[\\\"phone\\\",\\\"tablet\\\",\\\"2in1\\\"],\\\"deliveryWithInstall\\\":true,\\\"installationFree\\\":false,\\\"pages\\\":\\\"$profile:main_pages\\\",\\\"abilities\\\":[{\\\"name\\\":\\\"EntryAbility\\\",\\\"srcEntry\\\":\\\"./ets/entryability/EntryAbility.ets\\\",\\\"description\\\":\\\"$string:EntryAbility_desc\\\",\\\"icon\\\":\\\"$media:home\\\",\\\"label\\\":\\\"$string:EntryAbility_label\\\",\\\"startWindowIcon\\\":\\\"$media:startIcon\\\",\\\"startWindowBackground\\\":\\\"$color:start_window_background\\\",\\\"exported\\\":true,\\\"skills\\\":[{\\\"entities\\\":[\\\"entity.system.home\\\"],\\\"actions\\\":[\\\"action.system.home\\\"]}]}],\\\"extensionAbilities\\\":[{\\\"name\\\":\\\"EntryBackupAbility\\\",\\\"srcEntry\\\":\\\"./ets/entrybackupability/EntryBackupAbility.ets\\\",\\\"type\\\":\\\"backup\\\",\\\"exported\\\":false,\\\"metadata\\\":[{\\\"name\\\":\\\"ohos.extension.backup\\\",\\\"resource\\\":\\\"$profile:backup_config\\\"}]}],\\\"requestPermissions\\\":[{\\\"name\\\":\\\"ohos.permission.INTERNET\\\"}]}}\",\"_valueType\":\"string\"}"},{"dataType":"ValueEntry","value":"{\"_name\":\"multiProjects\",\"_value\":false,\"_valueType\":\"boolean\"}"},{"dataType":"ValueEntry","value":"{\"_name\":\"projectConfigAppOpt\",\"_valueType\":\"undefined\"}"},{"dataType":"ValueEntry","value":"{\"_name\":\"releaseType\",\"_value\":\"Beta2\",\"_valueType\":\"string\"}"},{"dataType":"ValueEntry","value":"{\"_name\":\"targetSdkVersion\",\"_value\":12,\"_valueType\":\"number\"}"},{"dataType":"ValueEntry","value":"{\"_name\":\"tsanEnable\",\"_value\":false,\"_valueType\":\"boolean\"}"}],"_successful":true,"_projectName":"smartHomeItem","_moduleName":"entry","_taskName":"default@MergeProfile","_key":":smartHomeItem:entry:default@MergeProfile","_executionId":":smartHomeItem:entry:default@MergeProfile:1726848548571","_inputFiles":{"dataType":"Map","value":[["C:\\Users\\lenovo\\Desktop\\smartHomeItem\\AppScope\\app.json5",{"fileSnapShotHashValue":"84d434f8d310385740387769d055b09b"}],["C:\\Users\\lenovo\\Desktop\\smartHomeItem\\build-profile.json5",{"fileSnapShotHashValue":"a08bb36750d19c13f3ba8e55e02e9fe6"}],["C:\\Users\\lenovo\\Desktop\\smartHomeItem\\entry\\src\\main\\module.json5",{"fileSnapShotHashValue":"c1bbf4910381f67aa5552a8bd8e688dd"}]]},"_outputFiles":{"dataType":"Map","value":[["C:\\Users\\lenovo\\Desktop\\smartHomeItem\\entry\\.preview\\default\\intermediates\\merge_profile\\default\\module.json",{"fileSnapShotHashValue":"d611ed6cf122ed6da83996829e90a9e7"}]]}},":smartHomeItem:entry:default@CreateBuildProfile":{"_inputs":[{"dataType":"ValueEntry","value":"{\"_name\":\"BUILTIN_TASK_COMMAND\",\"_value\":\"\",\"_valueType\":\"string\"}"},{"dataType":"ValueEntry","value":"{\"_name\":\"BUILTIN_TASK_ENV\",\"_value\":\"\",\"_valueType\":\"string\"}"},{"dataType":"ValueEntry","value":"{\"_name\":\"BUILTIN_TASK_TOOLCHAIN\",\"_value\":\"\",\"_valueType\":\"string\"}"},{"dataType":"ValueEntry","value":"{\"_name\":\"buildMode\",\"_value\":\"Debug\",\"_valueType\":\"string\"}"},{"dataType":"ValueEntry","value":"{\"_name\":\"buildModeName\",\"_value\":\"debug\",\"_valueType\":\"string\"}"},{"dataType":"ValueEntry","value":"{\"_name\":\"projectOhosConfigAppOpt\",\"_valueType\":\"undefined\"}"}],"_successful":true,"_projectName":"smartHomeItem","_moduleName":"entry","_taskName":"default@CreateBuildProfile","_key":":smartHomeItem:entry:default@CreateBuildProfile","_executionId":":smartHomeItem:entry:default@CreateBuildProfile:1726848548581","_inputFiles":{"dataType":"Map","value":[["C:\\Users\\lenovo\\Desktop\\smartHomeItem\\AppScope\\app.json5",{"fileSnapShotHashValue":"84d434f8d310385740387769d055b09b"}],["C:\\Users\\lenovo\\Desktop\\smartHomeItem\\build-profile.json5",{"fileSnapShotHashValue":"a08bb36750d19c13f3ba8e55e02e9fe6"}]]},"_outputFiles":{"dataType":"Map","value":[["C:\\Users\\lenovo\\Desktop\\smartHomeItem\\entry\\.preview\\default\\generated\\profile\\default\\BuildProfile.ets",{"fileSnapShotHashValue":"a6ee97abfa0ee3af36a0245acf445fb4"}]]}},":smartHomeItem:entry:default@GeneratePkgContextInfo":{"_inputs":[{"dataType":"ValueEntry","value":"{\"_name\":\"pkgContextInfoMap\",\"_value\":\"{\\\"entry\\\":{\\\"packageName\\\":\\\"entry\\\",\\\"bundleName\\\":\\\"\\\",\\\"moduleName\\\":\\\"\\\",\\\"version\\\":\\\"\\\",\\\"entryPath\\\":\\\"src/main/\\\",\\\"isSO\\\":false,\\\"dependencyAlias\\\":\\\"\\\"},\\\"@ohos/hypium\\\":{\\\"packageName\\\":\\\"@ohos/hypium\\\",\\\"bundleName\\\":\\\"\\\",\\\"moduleName\\\":\\\"\\\",\\\"version\\\":\\\"1.0.19\\\",\\\"entryPath\\\":\\\"index.js\\\",\\\"isSO\\\":false,\\\"dependencyAlias\\\":\\\"\\\"},\\\"@ohos/hamock\\\":{\\\"packageName\\\":\\\"@ohos/hamock\\\",\\\"bundleName\\\":\\\"\\\",\\\"moduleName\\\":\\\"\\\",\\\"version\\\":\\\"1.0.0\\\",\\\"entryPath\\\":\\\"index.ets\\\",\\\"isSO\\\":false,\\\"dependencyAlias\\\":\\\"\\\"}}\",\"_valueType\":\"string\"}"},{"dataType":"ValueEntry","value":"{\"_name\":\"useNormalizedOHMUrl\",\"_value\":false,\"_valueType\":\"boolean\"}"},{"dataType":"ValueEntry","value":"{\"_name\":\"BUILTIN_TASK_COMMAND\",\"_value\":\"\",\"_valueType\":\"string\"}"},{"dataType":"ValueEntry","value":"{\"_name\":\"BUILTIN_TASK_TOOLCHAIN\",\"_value\":\"\",\"_valueType\":\"string\"}"},{"dataType":"ValueEntry","value":"{\"_name\":\"BUILTIN_TASK_ENV\",\"_value\":\"\",\"_valueType\":\"string\"}"}],"_successful":false,"_projectName":"smartHomeItem","_moduleName":"entry","_taskName":"default@GeneratePkgContextInfo","_key":":smartHomeItem:entry:default@GeneratePkgContextInfo","_executionId":":smartHomeItem:entry:default@GeneratePkgContextInfo:1726848975498","_inputFiles":{"dataType":"Map","value":[]},"_outputFiles":{"dataType":"Map","value":[["C:\\Users\\lenovo\\Desktop\\smartHomeItem\\entry\\.preview\\default\\intermediates\\loader\\default\\pkgContextInfo.json",{"isDirectory":false,"fileSnapShotHashValue":""}]]}},":smartHomeItem:entry:default@ProcessProfile":{"_inputs":[{"dataType":"ValueEntry","value":"{\"_name\":\"BUILTIN_TASK_COMMAND\",\"_value\":\"\",\"_valueType\":\"string\"}"},{"dataType":"ValueEntry","value":"{\"_name\":\"BUILTIN_TASK_ENV\",\"_value\":\"\",\"_valueType\":\"string\"}"},{"dataType":"ValueEntry","value":"{\"_name\":\"BUILTIN_TASK_TOOLCHAIN\",\"_value\":\"\",\"_valueType\":\"string\"}"},{"dataType":"ValueEntry","value":"{\"_name\":\"arkEnable\",\"_value\":true,\"_valueType\":\"boolean\"}"},{"dataType":"ValueEntry","value":"{\"_name\":\"compileMode\",\"_value\":\"esmodule\",\"_valueType\":\"string\"}"},{"dataType":"ValueEntry","value":"{\"_name\":\"dependency\",\"_value\":\"[]\",\"_valueType\":\"string\"}"},{"dataType":"ValueEntry","value":"{\"_name\":\"deviceTypes\",\"_value\":[\"phone\",\"tablet\",\"2in1\"],\"_valueType\":\"object\"}"}],"_successful":true,"_projectName":"smartHomeItem","_moduleName":"entry","_taskName":"default@ProcessProfile","_key":":smartHomeItem:entry:default@ProcessProfile","_executionId":":smartHomeItem:entry:default@ProcessProfile:1726848548617","_inputFiles":{"dataType":"Map","value":[["C:\\Users\\lenovo\\Desktop\\smartHomeItem\\entry\\.preview\\default\\intermediates\\merge_profile\\default\\module.json",{"fileSnapShotHashValue":"d611ed6cf122ed6da83996829e90a9e7"}]]},"_outputFiles":{"dataType":"Map","value":[["C:\\Users\\lenovo\\Desktop\\smartHomeItem\\entry\\.preview\\default\\intermediates\\process_profile\\default\\module.json",{"fileSnapShotHashValue":"931d90caf3c9d85c80155734f0c8c122"}]]}},":smartHomeItem:entry:default@ProcessRouterMap":{"_inputs":[{"dataType":"ValueEntry","value":"{\"_name\":\"BUILTIN_TASK_COMMAND\",\"_value\":\"\",\"_valueType\":\"string\"}"},{"dataType":"ValueEntry","value":"{\"_name\":\"BUILTIN_TASK_ENV\",\"_value\":\"\",\"_valueType\":\"string\"}"},{"dataType":"ValueEntry","value":"{\"_name\":\"BUILTIN_TASK_TOOLCHAIN\",\"_value\":\"\",\"_valueType\":\"string\"}"},{"dataType":"ValueEntry","value":"{\"_name\":\"byteCodeHar\",\"_value\":false,\"_valueType\":\"boolean\"}"},{"dataType":"ValueEntry","value":"{\"_name\":\"obfuscated\",\"_value\":true,\"_valueType\":\"boolean\"}"},{"dataType":"ValueEntry","value":"{\"_name\":\"useNormalizedOHMUrl\",\"_value\":false,\"_valueType\":\"boolean\"}"}],"_successful":true,"_projectName":"smartHomeItem","_moduleName":"entry","_taskName":"default@ProcessRouterMap","_key":":smartHomeItem:entry:default@ProcessRouterMap","_executionId":":smartHomeItem:entry:default@ProcessRouterMap:1726848548840","_inputFiles":{"dataType":"Map","value":[["C:\\Users\\lenovo\\Desktop\\smartHomeItem\\entry\\oh-package.json5",{"fileSnapShotHashValue":"5c9172cd25b7fb1ea68737493794c67e"}],["C:\\Users\\lenovo\\Desktop\\smartHomeItem\\oh-package.json5",{"fileSnapShotHashValue":"a27c4b3b6bd578a1142dcda378334f23"}],["C:\\Users\\lenovo\\Desktop\\smartHomeItem\\entry\\src\\main\\module.json5",{"fileSnapShotHashValue":"c1bbf4910381f67aa5552a8bd8e688dd"}]]},"_outputFiles":{"dataType":"Map","value":[["C:\\Users\\lenovo\\Desktop\\smartHomeItem\\entry\\.preview\\default\\intermediates\\router_map\\default\\temp-router-map.json",{"fileSnapShotHashValue":"e0bc21fe0c79284485fcec726bcea05c"}],["C:\\Users\\lenovo\\Desktop\\smartHomeItem\\entry\\.preview\\default\\intermediates\\router_map\\default\\loader-router-map.json",{"fileSnapShotHashValue":"1dead824d4030979ca353c4be5e88ced"}]]}},":smartHomeItem:entry:default@GenerateLoaderJson":{"_inputs":[{"dataType":"ValueEntry","value":"{\"_name\":\"BUILTIN_TASK_COMMAND\",\"_value\":\"\",\"_valueType\":\"string\"}"},{"dataType":"ValueEntry","value":"{\"_name\":\"BUILTIN_TASK_ENV\",\"_value\":\"\",\"_valueType\":\"string\"}"},{"dataType":"ValueEntry","value":"{\"_name\":\"BUILTIN_TASK_TOOLCHAIN\",\"_value\":\"\",\"_valueType\":\"string\"}"},{"dataType":"ValueEntry","value":"{\"_name\":\"anBuildMode\",\"_value\":\"type\",\"_valueType\":\"string\"}"},{"dataType":"ValueEntry","value":"{\"_name\":\"apPath\",\"_value\":\"C:\\\\Users\\\\lenovo\\\\Desktop\\\\smartHomeItem\\\\entry\\\\modules.ap\",\"_valueType\":\"string\"}"},{"dataType":"ValueEntry","value":"{\"_name\":\"compatibleApiVersion\",\"_value\":12,\"_valueType\":\"number\"}"},{"dataType":"ValueEntry","value":"{\"_name\":\"compileApiVersion\",\"_value\":12,\"_valueType\":\"number\"}"},{"dataType":"ValueEntry","value":"{\"_name\":\"compileMode\",\"_value\":\"esmodule\",\"_valueType\":\"string\"}"},{"dataType":"ValueEntry","value":"{\"_name\":\"fallbackAnBuild\",\"_value\":false,\"_valueType\":\"boolean\"}"},{"dataType":"ValueEntry","value":"{\"_name\":\"harNameOhmMap\",\"_value\":\"{}\",\"_valueType\":\"string\"}"},{"dataType":"ValueEntry","value":"{\"_name\":\"hspNameOhmMap\",\"_value\":\"{}\",\"_valueType\":\"string\"}"},{"dataType":"ValueEntry","value":"{\"_name\":\"isByteCodeHar\",\"_value\":false,\"_valueType\":\"boolean\"}"},{"dataType":"ValueEntry","value":"{\"_name\":\"isFullCompilationEnabled\",\"_value\":true,\"_valueType\":\"boolean\"}"},{"dataType":"ValueEntry","value":"{\"_name\":\"isHarInTestMode\",\"_value\":false,\"_valueType\":\"boolean\"}"},{"dataType":"ValueEntry","value":"{\"_name\":\"isHarWithCoverage\",\"_value\":false,\"_valueType\":\"boolean\"}"},{"dataType":"ValueEntry","value":"{\"_name\":\"modulePathMap\",\"_value\":\"{\\\"entry\\\":\\\"C:\\\\\\\\Users\\\\\\\\lenovo\\\\\\\\Desktop\\\\\\\\smartHomeItem\\\\\\\\entry\\\"}\",\"_valueType\":\"string\"}"},{"dataType":"ValueEntry","value":"{\"_name\":\"module_dependencies\",\"_value\":\"{}\",\"_valueType\":\"string\"}"},{"dataType":"ValueEntry","value":"{\"_name\":\"nodeModulesPath\",\"_value\":\"C:\\\\Users\\\\lenovo\\\\Desktop\\\\smartHomeItem\\\\entry\\\\.preview\\\\default\\\\intermediates\\\\loader_out\\\\default\\\\node_modules\",\"_valueType\":\"string\"}"},{"dataType":"ValueEntry","value":"{\"_name\":\"overrides\",\"_valueType\":\"undefined\"}"},{"dataType":"ValueEntry","value":"{\"_name\":\"projectRootPath\",\"_value\":\"C:\\\\Users\\\\lenovo\\\\Desktop\\\\smartHomeItem\",\"_valueType\":\"string\"}"},{"dataType":"ValueEntry","value":"{\"_name\":\"project_dependencies\",\"_value\":\"{}\",\"_valueType\":\"string\"}"},{"dataType":"ValueEntry","value":"{\"_name\":\"targetConfig\",\"_value\":\"{\\\"name\\\":\\\"default\\\"}\",\"_valueType\":\"string\"}"},{"dataType":"ValueEntry","value":"{\"_name\":\"useNormalizedOHMUrl\",\"_value\":false,\"_valueType\":\"boolean\"}"}],"_successful":true,"_projectName":"smartHomeItem","_moduleName":"entry","_taskName":"default@GenerateLoaderJson","_key":":smartHomeItem:entry:default@GenerateLoaderJson","_executionId":":smartHomeItem:entry:default@GenerateLoaderJson:1726848548936","_inputFiles":{"dataType":"Map","value":[["C:\\Users\\lenovo\\Desktop\\smartHomeItem\\entry\\src\\mock\\mock-config.json5",{"fileSnapShotHashValue":"8bbd0de19d2ec807cfc3dfc35045688b"}],["C:\\Users\\lenovo\\Desktop\\smartHomeItem\\entry\\.preview\\default\\intermediates\\router_map\\default\\temp-router-map.json",{"fileSnapShotHashValue":"e0bc21fe0c79284485fcec726bcea05c"}]]},"_outputFiles":{"dataType":"Map","value":[["C:\\Users\\lenovo\\Desktop\\smartHomeItem\\entry\\.preview\\default\\intermediates\\loader\\default\\loader.json",{"isDirectory":false,"fileSnapShotHashValue":"98e3ec4fc571cee31fe5b73e990a9f2f"}]]}},":smartHomeItem:entry:default@PreviewCompileResource":{"_inputs":[{"dataType":"ValueEntry","value":"{\"_name\":\"BUILTIN_TASK_COMMAND\",\"_value\":\"\",\"_valueType\":\"string\"}"},{"dataType":"ValueEntry","value":"{\"_name\":\"BUILTIN_TASK_ENV\",\"_value\":\"\",\"_valueType\":\"string\"}"},{"dataType":"ValueEntry","value":"{\"_name\":\"BUILTIN_TASK_TOOLCHAIN\",\"_value\":\"E:\\\\devecostudionext\\\\DevecoNext\\\\DevEco Studio\\\\sdk\\\\HarmonyOS-NEXT-DB2\\\\openharmony\\\\toolchains\\\\restool.exe\",\"_valueType\":\"string\"}"},{"dataType":"ValueEntry","value":"{\"_name\":\"PREVIEWER_REPLACE_PAGE\",\"_valueType\":\"undefined\"}"},{"dataType":"ValueEntry","value":"{\"_name\":\"PREVIEWER_REPLACE_SRCPATH\",\"_valueType\":\"undefined\"}"},{"dataType":"ValueEntry","value":"{\"_name\":\"TARGET_CONFIG\",\"_value\":\"{\\\"name\\\":\\\"default\\\"}\",\"_valueType\":\"string\"}"}],"_successful":true,"_projectName":"smartHomeItem","_moduleName":"entry","_taskName":"default@PreviewCompileResource","_key":":smartHomeItem:entry:default@PreviewCompileResource","_executionId":":smartHomeItem:entry:default@PreviewCompileResource:1726848549006","_inputFiles":{"dataType":"Map","value":[["C:\\Users\\lenovo\\Desktop\\smartHomeItem\\entry\\src\\main\\resources",{"fileSnapShotHashValue":"534031ecd50d873c0267ba066301ed2b"}],["C:\\Users\\lenovo\\Desktop\\smartHomeItem\\entry\\.preview\\default\\intermediates\\merge_profile\\default\\module.json",{"fileSnapShotHashValue":"d611ed6cf122ed6da83996829e90a9e7"}]]},"_outputFiles":{"dataType":"Map","value":[["C:\\Users\\lenovo\\Desktop\\smartHomeItem\\entry\\.preview\\default\\intermediates\\res\\default",{"isDirectory":true,"fileSnapShotHashValue":"63e6fec4431420a682b882063a482d18"}],["C:\\Users\\lenovo\\Desktop\\smartHomeItem\\entry\\.preview\\default\\generated\\r\\default",{"isDirectory":true,"fileSnapShotHashValue":"23230040c090a0fbe3a43d661c54f749"}]]}},":smartHomeItem:entry:default@CopyPreviewProfile":{"_inputs":[{"dataType":"ValueEntry","value":"{\"_name\":\"BUILTIN_TASK_COMMAND\",\"_value\":\"\",\"_valueType\":\"string\"}"},{"dataType":"ValueEntry","value":"{\"_name\":\"BUILTIN_TASK_ENV\",\"_value\":\"\",\"_valueType\":\"string\"}"},{"dataType":"ValueEntry","value":"{\"_name\":\"BUILTIN_TASK_TOOLCHAIN\",\"_value\":\"\",\"_valueType\":\"string\"}"}],"_successful":true,"_projectName":"smartHomeItem","_moduleName":"entry","_taskName":"default@CopyPreviewProfile","_key":":smartHomeItem:entry:default@CopyPreviewProfile","_executionId":":smartHomeItem:entry:default@CopyPreviewProfile:1726848549578","_inputFiles":{"dataType":"Map","value":[["C:\\Users\\lenovo\\Desktop\\smartHomeItem\\entry\\src\\main\\resources\\base\\profile",{"fileSnapShotHashValue":"1f19e837d6ba7ef47b6f2ae0c6a91797"}]]},"_outputFiles":{"dataType":"Map","value":[["C:\\Users\\lenovo\\Desktop\\smartHomeItem\\entry\\.preview\\default\\intermediates\\res\\default\\resources\\base\\profile",{"fileSnapShotHashValue":"e8b5d7f395b176fe84ddc45bb08e8484"}]]}},":smartHomeItem:entry:default@PreviewUpdateAssets":{"_inputs":[{"dataType":"ValueEntry","value":"{\"_name\":\"BUILTIN_TASK_COMMAND\",\"_value\":\"\",\"_valueType\":\"string\"}"},{"dataType":"ValueEntry","value":"{\"_name\":\"BUILTIN_TASK_ENV\",\"_value\":\"\",\"_valueType\":\"string\"}"},{"dataType":"ValueEntry","value":"{\"_name\":\"BUILTIN_TASK_TOOLCHAIN\",\"_value\":\"\",\"_valueType\":\"string\"}"},{"dataType":"ValueEntry","value":"{\"_name\":\"previewBuildConfigJson\",\"_value\":\"{\\\"deviceType\\\":\\\"phone,tablet,2in1\\\",\\\"checkEntry\\\":\\\"true\\\",\\\"localPropertiesPath\\\":\\\"C:\\\\\\\\Users\\\\\\\\lenovo\\\\\\\\Desktop\\\\\\\\smartHomeItem\\\\\\\\local.properties\\\",\\\"Path\\\":\\\"E:\\\\\\\\devecostudionext\\\\\\\\DevecoNext\\\\\\\\DevEco Studio\\\\\\\\tools\\\\\\\\node\\\\\\\\\\\",\\\"note\\\":\\\"false\\\",\\\"aceProfilePath\\\":\\\"C:\\\\\\\\Users\\\\\\\\lenovo\\\\\\\\Desktop\\\\\\\\smartHomeItem\\\\\\\\entry\\\\\\\\.preview\\\\\\\\default\\\\\\\\intermediates\\\\\\\\res\\\\\\\\default\\\\\\\\resources\\\\\\\\base\\\\\\\\profile\\\",\\\"isPreview\\\":\\\"true\\\",\\\"hapMode\\\":\\\"false\\\",\\\"buildMode\\\":\\\"debug\\\",\\\"img2bin\\\":\\\"true\\\",\\\"projectProfilePath\\\":\\\"C:\\\\\\\\Users\\\\\\\\lenovo\\\\\\\\Desktop\\\\\\\\smartHomeItem\\\\\\\\build-profile.json5\\\",\\\"watchMode\\\":\\\"true\\\",\\\"appResource\\\":\\\"C:\\\\\\\\Users\\\\\\\\lenovo\\\\\\\\Desktop\\\\\\\\smartHomeItem\\\\\\\\entry\\\\\\\\.preview\\\\\\\\default\\\\\\\\intermediates\\\\\\\\res\\\\\\\\default\\\\\\\\ResourceTable.txt\\\",\\\"logLevel\\\":\\\"3\\\",\\\"stageRouterConfig\\\":{\\\"contents\\\":[\\\"{\\\\\\\"module\\\\\\\":{\\\\\\\"pages\\\\\\\":\\\\\\\"$profile:main_pages\\\\\\\",\\\\\\\"name\\\\\\\":\\\\\\\"entry\\\\\\\"}}\\\",\\\"{\\\\\\\"src\\\\\\\":[\\\\\\\"pages/Index\\\\\\\",\\\\\\\"pages/Login\\\\\\\",\\\\\\\"pages/Register\\\\\\\",\\\\\\\"pages/hall\\\\\\\",\\\\\\\"pages/Purifier\\\\\\\",\\\\\\\"pages/LedLight\\\\\\\",\\\\\\\"pages/DoorLock\\\\\\\",\\\\\\\"pages/Kettle\\\\\\\",\\\\\\\"pages/MyPage\\\\\\\",\\\\\\\"pages/OpenPage\\\\\\\",\\\\\\\"pages/MyPageList1\\\\\\\",\\\\\\\"pages/MyPageList2\\\\\\\",\\\\\\\"pages/MyPageList3\\\\\\\",\\\\\\\"pages/MyPageList4\\\\\\\",\\\\\\\"pages/AddRoomPage\\\\\\\",\\\\\\\"pages/ZwPage\\\\\\\",\\\\\\\"pages/GJPage\\\\\\\",\\\\\\\"pages/TransitionPage\\\\\\\",\\\\\\\"pages/PrivacyPage\\\\\\\",\\\\\\\"pages/AboutPage\\\\\\\",\\\\\\\"pages/HealthCenter\\\\\\\",\\\\\\\"pages/HelpCenter\\\\\\\",\\\\\\\"pages/LostPasswordPage\\\\\\\",\\\\\\\"pages/Customer\\\\\\\",\\\\\\\"pages/AddEquipments\\\\\\\"]}\\\"],\\\"paths\\\":[\\\"C:\\\\\\\\Users\\\\\\\\lenovo\\\\\\\\Desktop\\\\\\\\smartHomeItem\\\\\\\\entry\\\\\\\\.preview\\\\\\\\default\\\\\\\\intermediates\\\\\\\\res\\\\\\\\default\\\\\\\\module.json\\\",\\\"C:\\\\\\\\Users\\\\\\\\lenovo\\\\\\\\Desktop\\\\\\\\smartHomeItem\\\\\\\\entry\\\\\\\\.preview\\\\\\\\default\\\\\\\\intermediates\\\\\\\\res\\\\\\\\default\\\\\\\\resources\\\\\\\\base\\\\\\\\profile\\\\\\\\main_pages.json\\\"]},\\\"aceBuildJson\\\":\\\"C:\\\\\\\\Users\\\\\\\\lenovo\\\\\\\\Desktop\\\\\\\\smartHomeItem\\\\\\\\entry\\\\\\\\.preview\\\\\\\\default\\\\\\\\intermediates\\\\\\\\loader\\\\\\\\default\\\\\\\\loader.json\\\",\\\"aceModuleRoot\\\":\\\"C:\\\\\\\\Users\\\\\\\\lenovo\\\\\\\\Desktop\\\\\\\\smartHomeItem\\\\\\\\entry\\\\\\\\src\\\\\\\\main\\\\\\\\ets\\\",\\\"aceSoPath\\\":\\\"C:\\\\\\\\Users\\\\\\\\lenovo\\\\\\\\Desktop\\\\\\\\smartHomeItem\\\\\\\\entry\\\\\\\\.preview\\\\\\\\cache\\\\\\\\nativeDependencies.txt\\\",\\\"cachePath\\\":\\\"C:\\\\\\\\Users\\\\\\\\lenovo\\\\\\\\Desktop\\\\\\\\smartHomeItem\\\\\\\\entry\\\\\\\\.preview\\\\\\\\cache\\\\\\\\.default\\\",\\\"aceModuleBuild\\\":\\\"C:\\\\\\\\Users\\\\\\\\lenovo\\\\\\\\Desktop\\\\\\\\smartHomeItem\\\\\\\\entry\\\\\\\\.preview\\\\\\\\default\\\\\\\\intermediates\\\\\\\\assets\\\\\\\\default\\\\\\\\ets\\\",\\\"aceModuleJsonPath\\\":\\\"C:\\\\\\\\Users\\\\\\\\lenovo\\\\\\\\Desktop\\\\\\\\smartHomeItem\\\\\\\\entry\\\\\\\\.preview\\\\\\\\default\\\\\\\\intermediates\\\\\\\\res\\\\\\\\default\\\\\\\\module.json\\\"}\",\"_valueType\":\"string\"}"}],"_successful":true,"_projectName":"smartHomeItem","_moduleName":"entry","_taskName":"default@PreviewUpdateAssets","_key":":smartHomeItem:entry:default@PreviewUpdateAssets","_executionId":":smartHomeItem:entry:default@PreviewUpdateAssets:1726848549610","_inputFiles":{"dataType":"Map","value":[]},"_outputFiles":{"dataType":"Map","value":[["C:\\Users\\lenovo\\Desktop\\smartHomeItem\\entry\\.preview\\default\\intermediates\\res\\default\\module.json",{"isDirectory":false,"fileSnapShotHashValue":"5bac2aa8211cd6be1b70be8ea7380a5b"}],["C:\\Users\\lenovo\\Desktop\\smartHomeItem\\entry\\.preview\\default\\intermediates\\res\\default\\resources\\base\\profile\\main_pages.json",{"isDirectory":false,"fileSnapShotHashValue":"a729111f69adfa48965d403cf3f125d7"}]]}},":smartHomeItem:entry:default@PreviewArkTS":{"_inputs":[{"dataType":"ValueEntry","value":"{\"_name\":\"debuggable\",\"_value\":true,\"_valueType\":\"boolean\"}"},{"dataType":"ValueEntry","value":"{\"_name\":\"isArk\",\"_value\":true,\"_valueType\":\"boolean\"}"},{"dataType":"ValueEntry","value":"{\"_name\":\"needCoverageInsert\",\"_value\":false,\"_valueType\":\"boolean\"}"},{"dataType":"ValueEntry","value":"{\"_name\":\"ark.tsImportSendable\",\"_value\":false,\"_valueType\":\"boolean\"}"},{"dataType":"ValueEntry","value":"{\"_name\":\"customTypes\",\"_value\":\"\",\"_valueType\":\"string\"}"},{"dataType":"ValueEntry","value":"{\"_name\":\"caseSensitiveCheck\",\"_value\":true,\"_valueType\":\"boolean\"}"},{"dataType":"ValueEntry","value":"{\"_name\":\"useNormalizedOHMUrl\",\"_value\":false,\"_valueType\":\"boolean\"}"},{"dataType":"ValueEntry","value":"{\"_name\":\"transformLib\",\"_value\":\"\",\"_valueType\":\"string\"}"},{"dataType":"ValueEntry","value":"{\"_name\":\"arkTsWdiget\",\"_value\":false,\"_valueType\":\"boolean\"}"},{"dataType":"ValueEntry","value":"{\"_name\":\"OBFUSCATION_ENABLE\",\"_value\":\"undefined\",\"_valueType\":\"string\"}"},{"dataType":"ValueEntry","value":"{\"_name\":\"noExternalImportByPath\",\"_value\":false,\"_valueType\":\"boolean\"}"},{"dataType":"ValueEntry","value":"{\"_name\":\"BUILTIN_TASK_COMMAND\",\"_value\":\"\",\"_valueType\":\"string\"}"},{"dataType":"ValueEntry","value":"{\"_name\":\"BUILTIN_TASK_TOOLCHAIN\",\"_value\":\"\",\"_valueType\":\"string\"}"},{"dataType":"ValueEntry","value":"{\"_name\":\"BUILTIN_TASK_ENV\",\"_value\":\"\",\"_valueType\":\"string\"}"}],"_successful":true,"_projectName":"smartHomeItem","_moduleName":"entry","_taskName":"default@PreviewArkTS","_key":":smartHomeItem:entry:default@PreviewArkTS","_executionId":":smartHomeItem:entry:default@PreviewArkTS:1726848975723","_inputFiles":{"dataType":"Map","value":[["C:\\Users\\lenovo\\Desktop\\smartHomeItem\\entry\\.preview\\default\\intermediates\\loader\\default",{"isDirectory":true,"fileSnapShotHashValue":"5e43dd97ebe20c182ff192d392decae3"}],["C:\\Users\\lenovo\\Desktop\\smartHomeItem\\entry\\.preview\\default\\intermediates\\res\\default\\ResourceTable.txt",{"fileSnapShotHashValue":"3b18d6dc235032ca94ef06a19c1e0079"}],["C:\\Users\\lenovo\\Desktop\\smartHomeItem\\entry\\.preview\\default\\intermediates\\res\\default\\module.json",{"fileSnapShotHashValue":"5bac2aa8211cd6be1b70be8ea7380a5b"}],["C:\\Users\\lenovo\\Desktop\\smartHomeItem\\entry\\.preview\\default\\intermediates\\res\\default\\resources\\base\\profile",{"isDirectory":true,"fileSnapShotHashValue":"e8b5d7f395b176fe84ddc45bb08e8484"}],["C:\\Users\\lenovo\\Desktop\\smartHomeItem\\entry\\src\\main\\ets",{"isDirectory":true,"fileSnapShotHashValue":"e3be8982750d4b661f3ae24c254164b2"}],["C:\\Users\\lenovo\\Desktop\\smartHomeItem\\entry\\.preview\\default\\generated\\profile\\default\\BuildProfile.ets",{"fileSnapShotHashValue":"a6ee97abfa0ee3af36a0245acf445fb4"}],["C:\\Users\\lenovo\\Desktop\\smartHomeItem\\entry\\src\\mock\\mock-config.json5",{"isDirectory":false,"fileSnapShotHashValue":"8bbd0de19d2ec807cfc3dfc35045688b"}]]},"_outputFiles":{"dataType":"Map","value":[["C:\\Users\\lenovo\\Desktop\\smartHomeItem\\entry\\.preview\\default\\intermediates\\loader_out\\default\\ets",{"isDirectory":true,"fileSnapShotHashValue":""}]]}},":smartTest:entry:default@PreBuild":{"_inputs":[{"dataType":"ValueEntry","value":"{\"_name\":\"BUILTIN_TASK_COMMAND\",\"_value\":\"\",\"_valueType\":\"string\",\"_hash\":\"0b5d05294fdf4e78e8482ef53eb64ac0\"}"},{"dataType":"ValueEntry","value":"{\"_name\":\"BUILTIN_TASK_ENV\",\"_value\":\"\",\"_valueType\":\"string\",\"_hash\":\"cdcdc2ec8062ca9ec1de46dbf2bbc053\"}"},{"dataType":"ValueEntry","value":"{\"_name\":\"BUILTIN_TASK_TOOLCHAIN\",\"_value\":\"\",\"_valueType\":\"string\",\"_hash\":\"e7f94a9422a8bc317a7d90b58efcb5f6\"}"},{"dataType":"ValueEntry","value":"{\"_name\":\"apiType\",\"_value\":\"stageMode\",\"_valueType\":\"string\",\"_hash\":\"699c7565645ea3ea8c88551a4926a3d5\"}"},{"dataType":"ValueEntry","value":"{\"_name\":\"byteCodeHar\",\"_value\":false,\"_valueType\":\"boolean\",\"_hash\":\"1918a3ccb645ccacd0aedd84fc6cf8a4\"}"},{"dataType":"ValueEntry","value":"{\"_name\":\"codeType\",\"_value\":true,\"_valueType\":\"boolean\",\"_hash\":\"d6dcf21a9f078b661283507536e57ce8\"}"},{"dataType":"ValueEntry","value":"{\"_name\":\"compatibleApiVersion\",\"_value\":12,\"_valueType\":\"number\",\"_hash\":\"b8c1ba3ecddcd8b1be17325fb873c8bc\"}"},{"dataType":"ValueEntry","value":"{\"_name\":\"compileApiVersion\",\"_value\":12,\"_valueType\":\"number\",\"_hash\":\"5bc55d1554c9b9f95bf3de5259c04c8b\"}"},{"dataType":"ValueEntry","value":"{\"_name\":\"customTypes\",\"_value\":\"\",\"_valueType\":\"string\",\"_hash\":\"970a2695bffac1c5a4fa283dc36050e3\"}"},{"dataType":"ValueEntry","value":"{\"_name\":\"deviceType\",\"_value\":[\"phone\",\"tablet\",\"2in1\"],\"_valueType\":\"object\",\"_hash\":\"82734343919a9219c848a93ce88dfb4d\"}"},{"dataType":"ValueEntry","value":"{\"_name\":\"integrated_hsp\",\"_value\":false,\"_valueType\":\"boolean\",\"_hash\":\"2538281751f182d9123d2ab28efaf9be\"}"},{"dataType":"ValueEntry","value":"{\"_name\":\"isSupportOhpmProj\",\"_value\":true,\"_valueType\":\"boolean\",\"_hash\":\"f3a249d7e3f751316e931b8a08b074b4\"}"},{"dataType":"ValueEntry","value":"{\"_name\":\"mockConfigSources\",\"_value\":\"\",\"_valueType\":\"string\",\"_hash\":\"c489be8273867a50afbc86c53d938c92\"}"},{"dataType":"ValueEntry","value":"{\"_name\":\"moduleJsonOpt\",\"_value\":\"{\\\"jsonFilePath\\\":\\\"D:\\\\\\\\HarmonyOsNextWorkspace\\\\\\\\smartTest\\\\\\\\entry\\\\\\\\src\\\\\\\\main\\\\\\\\module.json5\\\",\\\"profile\\\":{\\\"module\\\":{\\\"name\\\":\\\"entry\\\",\\\"type\\\":\\\"entry\\\",\\\"description\\\":\\\"$string:module_desc\\\",\\\"mainElement\\\":\\\"EntryAbility\\\",\\\"deviceTypes\\\":[\\\"phone\\\",\\\"tablet\\\",\\\"2in1\\\"],\\\"deliveryWithInstall\\\":true,\\\"installationFree\\\":false,\\\"pages\\\":\\\"$profile:main_pages\\\",\\\"abilities\\\":[{\\\"name\\\":\\\"EntryAbility\\\",\\\"srcEntry\\\":\\\"./ets/entryability/EntryAbility.ets\\\",\\\"description\\\":\\\"$string:EntryAbility_desc\\\",\\\"icon\\\":\\\"$media:home\\\",\\\"label\\\":\\\"$string:EntryAbility_label\\\",\\\"startWindowIcon\\\":\\\"$media:startIcon\\\",\\\"startWindowBackground\\\":\\\"$color:start_window_background\\\",\\\"exported\\\":true,\\\"skills\\\":[{\\\"entities\\\":[\\\"entity.system.home\\\"],\\\"actions\\\":[\\\"action.system.home\\\"]}]}],\\\"extensionAbilities\\\":[{\\\"name\\\":\\\"EntryBackupAbility\\\",\\\"srcEntry\\\":\\\"./ets/entrybackupability/EntryBackupAbility.ets\\\",\\\"type\\\":\\\"backup\\\",\\\"exported\\\":false,\\\"metadata\\\":[{\\\"name\\\":\\\"ohos.extension.backup\\\",\\\"resource\\\":\\\"$profile:backup_config\\\"}]}],\\\"requestPermissions\\\":[{\\\"name\\\":\\\"ohos.permission.INTERNET\\\"}]}},\\\"deviceTypes\\\":[\\\"phone\\\",\\\"tablet\\\",\\\"2in1\\\"],\\\"deviceConfig\\\":\\\"deviceTypes\\\",\\\"configurationProfile\\\":\\\"module.json5\\\"}\",\"_valueType\":\"string\",\"_hash\":\"02e87eec2adc8acfd07efae3552f409f\"}"},{"dataType":"ValueEntry","value":"{\"_name\":\"profileModuleName\",\"_value\":\"entry\",\"_valueType\":\"string\",\"_hash\":\"b174ea6ff5824844dde5ad92f6b3ef2b\"}"},{"dataType":"ValueEntry","value":"{\"_name\":\"sdkToolchainsComponentVersion\",\"_value\":\"5.0.0.31\",\"_valueType\":\"string\",\"_hash\":\"15ce7cf96ef0633a34fe3e8e9b1839a2\"}"},{"dataType":"ValueEntry","value":"{\"_name\":\"sourceRoots\",\"_value\":true,\"_valueType\":\"boolean\",\"_hash\":\"a369c115d2c4122f3819759804ec9d35\"}"},{"dataType":"ValueEntry","value":"{\"_name\":\"targetStatusCode\",\"_value\":2,\"_valueType\":\"number\",\"_hash\":\"5a9255c0f4ee50904a9349ebafca8369\"}"},{"dataType":"ValueEntry","value":"{\"_name\":\"transformLib\",\"_value\":\"\",\"_valueType\":\"string\",\"_hash\":\"7d270d0ce7ae5c6e2e32760cb396ea5a\"}"},{"dataType":"ValueEntry","value":"{\"_name\":\"useNormalizedOHMUrl\",\"_value\":false,\"_valueType\":\"boolean\",\"_hash\":\"45c309ddef659bd1ca26b5b8988a1a78\"}"}],"_successful":true,"_projectName":"smartTest","_moduleName":"entry","_taskName":"default@PreBuild","_key":":smartTest:entry:default@PreBuild","_executionId":":smartTest:entry:default@PreBuild:1726849107045","_inputFiles":{"dataType":"Map","value":[["D:\\HarmonyOsNextWorkspace\\smartTest\\AppScope\\app.json5",{"isDirectory":false,"fileSnapShotHashValue":"84d434f8d310385740387769d055b09b"}],["D:\\HarmonyOsNextWorkspace\\smartTest\\entry\\src\\main\\module.json5",{"isDirectory":false,"fileSnapShotHashValue":"c1bbf4910381f67aa5552a8bd8e688dd"}],["D:\\HarmonyOsNextWorkspace\\smartTest\\build-profile.json5",{"fileSnapShotHashValue":"a08bb36750d19c13f3ba8e55e02e9fe6"}],["D:\\HarmonyOsNextWorkspace\\smartTest\\entry\\build-profile.json5",{"fileSnapShotHashValue":"26f02ec73311b1712b444dff8cc5f587"}],["D:\\HarmonyOsNextWorkspace\\smartTest\\entry\\src\\main\\resources\\base\\profile\\main_pages.json",{"fileSnapShotHashValue":"2a60273092b28fcb47e4d940b81a0a1f"}],["D:\\HarmonyOsNextWorkspace\\smartTest\\hvigor\\hvigor-config.json5",{"isDirectory":true,"fileSnapShotHashValue":"ca821fbbd31bf6efd55ea165c55d3713"}],["D:\\HarmonyOsNextWorkspace\\smartTest\\entry\\src\\mock\\mock-config.json5",{"isDirectory":false,"fileSnapShotHashValue":"8bbd0de19d2ec807cfc3dfc35045688b"}],["D:\\HarmonyOsNextWorkspace\\smartTest\\entry\\oh-package.json5",{"fileSnapShotHashValue":"5c9172cd25b7fb1ea68737493794c67e"}]]},"_outputFiles":{"dataType":"Map","value":[]}},":smartTest:entry:default@MergeProfile":{"_inputs":[{"dataType":"ValueEntry","value":"{\"_name\":\"BUILTIN_TASK_COMMAND\",\"_value\":\"\",\"_valueType\":\"string\",\"_hash\":\"0b5d05294fdf4e78e8482ef53eb64ac0\"}"},{"dataType":"ValueEntry","value":"{\"_name\":\"BUILTIN_TASK_ENV\",\"_value\":\"\",\"_valueType\":\"string\",\"_hash\":\"cdcdc2ec8062ca9ec1de46dbf2bbc053\"}"},{"dataType":"ValueEntry","value":"{\"_name\":\"BUILTIN_TASK_TOOLCHAIN\",\"_value\":\"\",\"_valueType\":\"string\",\"_hash\":\"e7f94a9422a8bc317a7d90b58efcb5f6\"}"},{"dataType":"ValueEntry","value":"{\"_name\":\"appJsonOpt\",\"_value\":\"{\\\"app\\\":{\\\"bundleName\\\":\\\"com.example.myapplication444\\\",\\\"vendor\\\":\\\"example\\\",\\\"versionCode\\\":1000000,\\\"versionName\\\":\\\"1.0.0\\\",\\\"icon\\\":\\\"$media:home\\\",\\\"label\\\":\\\"$string:app_name\\\"}}\",\"_valueType\":\"string\",\"_hash\":\"a84acccf15df51d90dad6cbc991afbab\"}"},{"dataType":"ValueEntry","value":"{\"_name\":\"asanEnable\",\"_value\":false,\"_valueType\":\"boolean\",\"_hash\":\"bc2129ba20a21b7e5234139ede1b4d7b\"}"},{"dataType":"ValueEntry","value":"{\"_name\":\"buildProfileAbilities\",\"_valueType\":\"undefined\",\"_hash\":\"40d5093f345351dd6d67ce5d6a209345\"}"},{"dataType":"ValueEntry","value":"{\"_name\":\"buildRoot\",\"_value\":\"build\",\"_valueType\":\"string\",\"_hash\":\"4c2dd7bb7507f74001ec27f2936db7f9\"}"},{"dataType":"ValueEntry","value":"{\"_name\":\"compatibleSdkVersion\",\"_value\":12,\"_valueType\":\"number\",\"_hash\":\"3c48b1937556f5c7e1ff0b2e0af0184f\"}"},{"dataType":"ValueEntry","value":"{\"_name\":\"integratedHsp\",\"_value\":false,\"_valueType\":\"boolean\",\"_hash\":\"e67900c25b1f9fb70cc779de77dc6912\"}"},{"dataType":"ValueEntry","value":"{\"_name\":\"isDebug\",\"_value\":true,\"_valueType\":\"boolean\",\"_hash\":\"edbf05a2d2be2c385e75d9565a48d419\"}"},{"dataType":"ValueEntry","value":"{\"_name\":\"isHarModule\",\"_value\":false,\"_valueType\":\"boolean\",\"_hash\":\"a15b7a3ed818faa99a4a10d67f52cb72\"}"},{"dataType":"ValueEntry","value":"{\"_name\":\"moduleJsonOpt\",\"_value\":\"{\\\"module\\\":{\\\"name\\\":\\\"entry\\\",\\\"type\\\":\\\"entry\\\",\\\"description\\\":\\\"$string:module_desc\\\",\\\"mainElement\\\":\\\"EntryAbility\\\",\\\"deviceTypes\\\":[\\\"phone\\\",\\\"tablet\\\",\\\"2in1\\\"],\\\"deliveryWithInstall\\\":true,\\\"installationFree\\\":false,\\\"pages\\\":\\\"$profile:main_pages\\\",\\\"abilities\\\":[{\\\"name\\\":\\\"EntryAbility\\\",\\\"srcEntry\\\":\\\"./ets/entryability/EntryAbility.ets\\\",\\\"description\\\":\\\"$string:EntryAbility_desc\\\",\\\"icon\\\":\\\"$media:home\\\",\\\"label\\\":\\\"$string:EntryAbility_label\\\",\\\"startWindowIcon\\\":\\\"$media:startIcon\\\",\\\"startWindowBackground\\\":\\\"$color:start_window_background\\\",\\\"exported\\\":true,\\\"skills\\\":[{\\\"entities\\\":[\\\"entity.system.home\\\"],\\\"actions\\\":[\\\"action.system.home\\\"]}]}],\\\"extensionAbilities\\\":[{\\\"name\\\":\\\"EntryBackupAbility\\\",\\\"srcEntry\\\":\\\"./ets/entrybackupability/EntryBackupAbility.ets\\\",\\\"type\\\":\\\"backup\\\",\\\"exported\\\":false,\\\"metadata\\\":[{\\\"name\\\":\\\"ohos.extension.backup\\\",\\\"resource\\\":\\\"$profile:backup_config\\\"}]}],\\\"requestPermissions\\\":[{\\\"name\\\":\\\"ohos.permission.INTERNET\\\"}]}}\",\"_valueType\":\"string\",\"_hash\":\"ccf54281e85c83bd7ab8a660cc519a0b\"}"},{"dataType":"ValueEntry","value":"{\"_name\":\"multiProjects\",\"_value\":false,\"_valueType\":\"boolean\",\"_hash\":\"555604752defc243b4e4c55d1549fc06\"}"},{"dataType":"ValueEntry","value":"{\"_name\":\"projectConfigAppOpt\",\"_valueType\":\"undefined\",\"_hash\":\"b52997704fa206ed96a13a1f2e464a85\"}"},{"dataType":"ValueEntry","value":"{\"_name\":\"releaseType\",\"_value\":\"Beta2\",\"_valueType\":\"string\",\"_hash\":\"c54d359d9f91df6eea3dad1623b8b6e8\"}"},{"dataType":"ValueEntry","value":"{\"_name\":\"targetSdkVersion\",\"_value\":12,\"_valueType\":\"number\",\"_hash\":\"94972355fc6ee8e90cfba1a7db4cf5db\"}"},{"dataType":"ValueEntry","value":"{\"_name\":\"tsanEnable\",\"_value\":false,\"_valueType\":\"boolean\",\"_hash\":\"086cac69f102cdd9ee25e54982ad7b76\"}"}],"_successful":true,"_projectName":"smartTest","_moduleName":"entry","_taskName":"default@MergeProfile","_key":":smartTest:entry:default@MergeProfile","_executionId":":smartTest:entry:default@MergeProfile:1726877452534","_inputFiles":{"dataType":"Map","value":[["D:\\HarmonyOsNextWorkspace\\smartTest\\AppScope\\app.json5",{"fileSnapShotHashValue":"84d434f8d310385740387769d055b09b"}],["D:\\HarmonyOsNextWorkspace\\smartTest\\build-profile.json5",{"fileSnapShotHashValue":"a08bb36750d19c13f3ba8e55e02e9fe6"}],["D:\\HarmonyOsNextWorkspace\\smartTest\\entry\\src\\main\\module.json5",{"fileSnapShotHashValue":"c1bbf4910381f67aa5552a8bd8e688dd"}]]},"_outputFiles":{"dataType":"Map","value":[["D:\\HarmonyOsNextWorkspace\\smartTest\\entry\\build\\default\\intermediates\\merge_profile\\default\\module.json",{"fileSnapShotHashValue":"edd4c892194879be478d0f994ce2a33f"}]]}},":smartTest:entry:default@CreateBuildProfile":{"_inputs":[{"dataType":"ValueEntry","value":"{\"_name\":\"BUILTIN_TASK_COMMAND\",\"_value\":\"\",\"_valueType\":\"string\",\"_hash\":\"0b5d05294fdf4e78e8482ef53eb64ac0\"}"},{"dataType":"ValueEntry","value":"{\"_name\":\"BUILTIN_TASK_ENV\",\"_value\":\"\",\"_valueType\":\"string\",\"_hash\":\"cdcdc2ec8062ca9ec1de46dbf2bbc053\"}"},{"dataType":"ValueEntry","value":"{\"_name\":\"BUILTIN_TASK_TOOLCHAIN\",\"_value\":\"\",\"_valueType\":\"string\",\"_hash\":\"e7f94a9422a8bc317a7d90b58efcb5f6\"}"},{"dataType":"ValueEntry","value":"{\"_name\":\"buildMode\",\"_value\":\"Debug\",\"_valueType\":\"string\",\"_hash\":\"8120d22ada0d6de22b101e1f4ea16e81\"}"},{"dataType":"ValueEntry","value":"{\"_name\":\"buildModeName\",\"_value\":\"debug\",\"_valueType\":\"string\",\"_hash\":\"3f0246ea410fd9efa9fc7196cca045e3\"}"},{"dataType":"ValueEntry","value":"{\"_name\":\"projectOhosConfigAppOpt\",\"_valueType\":\"undefined\",\"_hash\":\"d55b976f16f2e6ec7261b64755922538\"}"}],"_successful":true,"_projectName":"smartTest","_moduleName":"entry","_taskName":"default@CreateBuildProfile","_key":":smartTest:entry:default@CreateBuildProfile","_executionId":":smartTest:entry:default@CreateBuildProfile:1726877452550","_inputFiles":{"dataType":"Map","value":[["D:\\HarmonyOsNextWorkspace\\smartTest\\AppScope\\app.json5",{"fileSnapShotHashValue":"84d434f8d310385740387769d055b09b"}],["D:\\HarmonyOsNextWorkspace\\smartTest\\build-profile.json5",{"fileSnapShotHashValue":"a08bb36750d19c13f3ba8e55e02e9fe6"}]]},"_outputFiles":{"dataType":"Map","value":[["D:\\HarmonyOsNextWorkspace\\smartTest\\entry\\build\\default\\generated\\profile\\default\\BuildProfile.ets",{"fileSnapShotHashValue":"69148f882b8d655724ad9bfe6782e65a"}]]}},":smartTest:entry:default@GeneratePkgContextInfo":{"_inputs":[{"dataType":"ValueEntry","value":"{\"_name\":\"pkgContextInfoMap\",\"_value\":\"{\\\"entry\\\":{\\\"packageName\\\":\\\"entry\\\",\\\"bundleName\\\":\\\"\\\",\\\"moduleName\\\":\\\"\\\",\\\"version\\\":\\\"\\\",\\\"entryPath\\\":\\\"src/main/\\\",\\\"isSO\\\":false,\\\"dependencyAlias\\\":\\\"\\\"},\\\"@ohos/hypium\\\":{\\\"packageName\\\":\\\"@ohos/hypium\\\",\\\"bundleName\\\":\\\"\\\",\\\"moduleName\\\":\\\"\\\",\\\"version\\\":\\\"1.0.19\\\",\\\"entryPath\\\":\\\"index.js\\\",\\\"isSO\\\":false,\\\"dependencyAlias\\\":\\\"\\\"},\\\"@ohos/hamock\\\":{\\\"packageName\\\":\\\"@ohos/hamock\\\",\\\"bundleName\\\":\\\"\\\",\\\"moduleName\\\":\\\"\\\",\\\"version\\\":\\\"1.0.0\\\",\\\"entryPath\\\":\\\"index.ets\\\",\\\"isSO\\\":false,\\\"dependencyAlias\\\":\\\"\\\"}}\",\"_valueType\":\"string\"}"},{"dataType":"ValueEntry","value":"{\"_name\":\"useNormalizedOHMUrl\",\"_value\":false,\"_valueType\":\"boolean\"}"},{"dataType":"ValueEntry","value":"{\"_name\":\"BUILTIN_TASK_COMMAND\",\"_value\":\"\",\"_valueType\":\"string\"}"},{"dataType":"ValueEntry","value":"{\"_name\":\"BUILTIN_TASK_TOOLCHAIN\",\"_value\":\"\",\"_valueType\":\"string\"}"},{"dataType":"ValueEntry","value":"{\"_name\":\"BUILTIN_TASK_ENV\",\"_value\":\"\",\"_valueType\":\"string\"}"}],"_successful":false,"_projectName":"smartTest","_moduleName":"entry","_taskName":"default@GeneratePkgContextInfo","_key":":smartTest:entry:default@GeneratePkgContextInfo","_executionId":":smartTest:entry:default@GeneratePkgContextInfo:1726878642642","_inputFiles":{"dataType":"Map","value":[]},"_outputFiles":{"dataType":"Map","value":[["D:\\HarmonyOsNextWorkspace\\smartTest\\entry\\build\\default\\intermediates\\loader\\default\\pkgContextInfo.json",{"isDirectory":false,"fileSnapShotHashValue":""}]]}},":smartTest:entry:default@ProcessProfile":{"_inputs":[{"dataType":"ValueEntry","value":"{\"_name\":\"BUILTIN_TASK_COMMAND\",\"_value\":\"\",\"_valueType\":\"string\",\"_hash\":\"0b5d05294fdf4e78e8482ef53eb64ac0\"}"},{"dataType":"ValueEntry","value":"{\"_name\":\"BUILTIN_TASK_ENV\",\"_value\":\"\",\"_valueType\":\"string\",\"_hash\":\"cdcdc2ec8062ca9ec1de46dbf2bbc053\"}"},{"dataType":"ValueEntry","value":"{\"_name\":\"BUILTIN_TASK_TOOLCHAIN\",\"_value\":\"\",\"_valueType\":\"string\",\"_hash\":\"e7f94a9422a8bc317a7d90b58efcb5f6\"}"},{"dataType":"ValueEntry","value":"{\"_name\":\"arkEnable\",\"_value\":true,\"_valueType\":\"boolean\",\"_hash\":\"750b4bda198545a67903dfb3f6a00a95\"}"},{"dataType":"ValueEntry","value":"{\"_name\":\"compileMode\",\"_value\":\"esmodule\",\"_valueType\":\"string\",\"_hash\":\"dacafc8e0b77a950178a0b4d142dc32c\"}"},{"dataType":"ValueEntry","value":"{\"_name\":\"dependency\",\"_value\":\"[]\",\"_valueType\":\"string\",\"_hash\":\"ac54f3d4ced2d4c1d666d40e4f7c454a\"}"},{"dataType":"ValueEntry","value":"{\"_name\":\"deviceTypes\",\"_value\":[\"phone\",\"tablet\",\"2in1\"],\"_valueType\":\"object\",\"_hash\":\"955f8760c6b7289b81ed107c2c4df075\"}"}],"_successful":true,"_projectName":"smartTest","_moduleName":"entry","_taskName":"default@ProcessProfile","_key":":smartTest:entry:default@ProcessProfile","_executionId":":smartTest:entry:default@ProcessProfile:1726877452659","_inputFiles":{"dataType":"Map","value":[["D:\\HarmonyOsNextWorkspace\\smartTest\\entry\\build\\default\\intermediates\\merge_profile\\default\\module.json",{"fileSnapShotHashValue":"edd4c892194879be478d0f994ce2a33f"}]]},"_outputFiles":{"dataType":"Map","value":[["D:\\HarmonyOsNextWorkspace\\smartTest\\entry\\build\\default\\intermediates\\process_profile\\default\\module.json",{"fileSnapShotHashValue":"b5599402ebeb5993d4c9305144f32cba"}]]}},":smartTest:entry:default@ProcessRouterMap":{"_inputs":[{"dataType":"ValueEntry","value":"{\"_name\":\"BUILTIN_TASK_COMMAND\",\"_value\":\"\",\"_valueType\":\"string\",\"_hash\":\"0b5d05294fdf4e78e8482ef53eb64ac0\"}"},{"dataType":"ValueEntry","value":"{\"_name\":\"BUILTIN_TASK_ENV\",\"_value\":\"\",\"_valueType\":\"string\",\"_hash\":\"cdcdc2ec8062ca9ec1de46dbf2bbc053\"}"},{"dataType":"ValueEntry","value":"{\"_name\":\"BUILTIN_TASK_TOOLCHAIN\",\"_value\":\"\",\"_valueType\":\"string\",\"_hash\":\"e7f94a9422a8bc317a7d90b58efcb5f6\"}"},{"dataType":"ValueEntry","value":"{\"_name\":\"byteCodeHar\",\"_value\":false,\"_valueType\":\"boolean\",\"_hash\":\"1918a3ccb645ccacd0aedd84fc6cf8a4\"}"},{"dataType":"ValueEntry","value":"{\"_name\":\"obfuscated\",\"_value\":true,\"_valueType\":\"boolean\",\"_hash\":\"a69c27b9cf01a6710d3662cfe180239f\"}"},{"dataType":"ValueEntry","value":"{\"_name\":\"useNormalizedOHMUrl\",\"_value\":false,\"_valueType\":\"boolean\",\"_hash\":\"45c309ddef659bd1ca26b5b8988a1a78\"}"}],"_successful":true,"_projectName":"smartTest","_moduleName":"entry","_taskName":"default@ProcessRouterMap","_key":":smartTest:entry:default@ProcessRouterMap","_executionId":":smartTest:entry:default@ProcessRouterMap:1726877452915","_inputFiles":{"dataType":"Map","value":[["D:\\HarmonyOsNextWorkspace\\smartTest\\entry\\oh-package.json5",{"fileSnapShotHashValue":"5c9172cd25b7fb1ea68737493794c67e"}],["D:\\HarmonyOsNextWorkspace\\smartTest\\oh-package.json5",{"fileSnapShotHashValue":"a27c4b3b6bd578a1142dcda378334f23"}],["D:\\HarmonyOsNextWorkspace\\smartTest\\entry\\src\\main\\module.json5",{"fileSnapShotHashValue":"c1bbf4910381f67aa5552a8bd8e688dd"}]]},"_outputFiles":{"dataType":"Map","value":[["D:\\HarmonyOsNextWorkspace\\smartTest\\entry\\build\\default\\intermediates\\router_map\\default\\temp-router-map.json",{"fileSnapShotHashValue":"0b314e95cd7a763dd86cc0d3453c8e63"}],["D:\\HarmonyOsNextWorkspace\\smartTest\\entry\\build\\default\\intermediates\\router_map\\default\\loader-router-map.json",{"fileSnapShotHashValue":"6b15044eaf40d28cb95b9d4bc798cd66"}]]}},":smartTest:entry:default@GenerateLoaderJson":{"_inputs":[{"dataType":"ValueEntry","value":"{\"_name\":\"BUILTIN_TASK_COMMAND\",\"_value\":\"\",\"_valueType\":\"string\",\"_hash\":\"0b5d05294fdf4e78e8482ef53eb64ac0\"}"},{"dataType":"ValueEntry","value":"{\"_name\":\"BUILTIN_TASK_ENV\",\"_value\":\"\",\"_valueType\":\"string\",\"_hash\":\"cdcdc2ec8062ca9ec1de46dbf2bbc053\"}"},{"dataType":"ValueEntry","value":"{\"_name\":\"BUILTIN_TASK_TOOLCHAIN\",\"_value\":\"\",\"_valueType\":\"string\",\"_hash\":\"e7f94a9422a8bc317a7d90b58efcb5f6\"}"},{"dataType":"ValueEntry","value":"{\"_name\":\"anBuildMode\",\"_value\":\"type\",\"_valueType\":\"string\",\"_hash\":\"de241a1eec94a2a622ff1c89f32846a2\"}"},{"dataType":"ValueEntry","value":"{\"_name\":\"apPath\",\"_value\":\"D:\\\\HarmonyOsNextWorkspace\\\\smartTest\\\\entry\\\\modules.ap\",\"_valueType\":\"string\",\"_hash\":\"a795fd1ff77c81452ec02fca1fce83a9\"}"},{"dataType":"ValueEntry","value":"{\"_name\":\"compatibleApiVersion\",\"_value\":12,\"_valueType\":\"number\",\"_hash\":\"b8c1ba3ecddcd8b1be17325fb873c8bc\"}"},{"dataType":"ValueEntry","value":"{\"_name\":\"compileApiVersion\",\"_value\":12,\"_valueType\":\"number\",\"_hash\":\"5bc55d1554c9b9f95bf3de5259c04c8b\"}"},{"dataType":"ValueEntry","value":"{\"_name\":\"compileMode\",\"_value\":\"esmodule\",\"_valueType\":\"string\",\"_hash\":\"dacafc8e0b77a950178a0b4d142dc32c\"}"},{"dataType":"ValueEntry","value":"{\"_name\":\"fallbackAnBuild\",\"_value\":false,\"_valueType\":\"boolean\",\"_hash\":\"a63e98bb3f368ced6ed4d5579ea7ca39\"}"},{"dataType":"ValueEntry","value":"{\"_name\":\"harNameOhmMap\",\"_value\":\"{}\",\"_valueType\":\"string\",\"_hash\":\"0faf006bccbcdc2c7f04ff2d8c87894f\"}"},{"dataType":"ValueEntry","value":"{\"_name\":\"hspNameOhmMap\",\"_value\":\"{}\",\"_valueType\":\"string\",\"_hash\":\"0e2d87e0c1ed279c66bc3efb8683e5d1\"}"},{"dataType":"ValueEntry","value":"{\"_name\":\"isByteCodeHar\",\"_value\":false,\"_valueType\":\"boolean\",\"_hash\":\"c5f9b9e5cabee4253d52d0d01ca64ba2\"}"},{"dataType":"ValueEntry","value":"{\"_name\":\"isFullCompilationEnabled\",\"_value\":true,\"_valueType\":\"boolean\",\"_hash\":\"98b683d049e4e7fc32ef1be5321fe0b6\"}"},{"dataType":"ValueEntry","value":"{\"_name\":\"isHarInTestMode\",\"_value\":false,\"_valueType\":\"boolean\",\"_hash\":\"0dab3f8a643025835188443eccef7725\"}"},{"dataType":"ValueEntry","value":"{\"_name\":\"isHarWithCoverage\",\"_value\":false,\"_valueType\":\"boolean\",\"_hash\":\"7224a86bd9c5f83cb9a1a61584afcfb4\"}"},{"dataType":"ValueEntry","value":"{\"_name\":\"modulePathMap\",\"_value\":\"{\\\"entry\\\":\\\"D:\\\\\\\\HarmonyOsNextWorkspace\\\\\\\\smartTest\\\\\\\\entry\\\"}\",\"_valueType\":\"string\",\"_hash\":\"23c4f531c3ae975435d8549c4ff17a5a\"}"},{"dataType":"ValueEntry","value":"{\"_name\":\"module_dependencies\",\"_value\":\"{}\",\"_valueType\":\"string\",\"_hash\":\"974757f304b5bfd1c1454ea7a38cd0d5\"}"},{"dataType":"ValueEntry","value":"{\"_name\":\"nodeModulesPath\",\"_value\":\"D:\\\\HarmonyOsNextWorkspace\\\\smartTest\\\\entry\\\\build\\\\default\\\\intermediates\\\\loader_out\\\\default\\\\node_modules\",\"_valueType\":\"string\",\"_hash\":\"dfcf4d091cad4d211428560f9f5b741d\"}"},{"dataType":"ValueEntry","value":"{\"_name\":\"overrides\",\"_valueType\":\"undefined\",\"_hash\":\"0e8f66f8eb79c6f33fb153c3fc3942f4\"}"},{"dataType":"ValueEntry","value":"{\"_name\":\"projectRootPath\",\"_value\":\"D:\\\\HarmonyOsNextWorkspace\\\\smartTest\",\"_valueType\":\"string\",\"_hash\":\"5273320c810709c6e4c086f719320f65\"}"},{"dataType":"ValueEntry","value":"{\"_name\":\"project_dependencies\",\"_value\":\"{}\",\"_valueType\":\"string\",\"_hash\":\"e15496bf1de2273597f444f07f1ca6d5\"}"},{"dataType":"ValueEntry","value":"{\"_name\":\"targetConfig\",\"_value\":\"{\\\"name\\\":\\\"default\\\"}\",\"_valueType\":\"string\",\"_hash\":\"44f0c01d44e2bbf4013c5bb1f232e1fe\"}"},{"dataType":"ValueEntry","value":"{\"_name\":\"useNormalizedOHMUrl\",\"_value\":false,\"_valueType\":\"boolean\",\"_hash\":\"45c309ddef659bd1ca26b5b8988a1a78\"}"}],"_successful":true,"_projectName":"smartTest","_moduleName":"entry","_taskName":"default@GenerateLoaderJson","_key":":smartTest:entry:default@GenerateLoaderJson","_executionId":":smartTest:entry:default@GenerateLoaderJson:1726877452967","_inputFiles":{"dataType":"Map","value":[["D:\\HarmonyOsNextWorkspace\\smartTest\\entry\\src\\mock\\mock-config.json5",{"fileSnapShotHashValue":"8bbd0de19d2ec807cfc3dfc35045688b"}],["D:\\HarmonyOsNextWorkspace\\smartTest\\entry\\build\\default\\intermediates\\router_map\\default\\temp-router-map.json",{"fileSnapShotHashValue":"0b314e95cd7a763dd86cc0d3453c8e63"}]]},"_outputFiles":{"dataType":"Map","value":[["D:\\HarmonyOsNextWorkspace\\smartTest\\entry\\build\\default\\intermediates\\loader\\default\\loader.json",{"isDirectory":false,"fileSnapShotHashValue":"dc59705f8c17133f6b565bc5aed7216b"}]]}},":smartTest:entry:default@PreviewCompileResource":{"_inputs":[{"dataType":"ValueEntry","value":"{\"_name\":\"PREVIEWER_REPLACE_PAGE\",\"_valueType\":\"undefined\"}"},{"dataType":"ValueEntry","value":"{\"_name\":\"PREVIEWER_REPLACE_SRCPATH\",\"_valueType\":\"undefined\"}"},{"dataType":"ValueEntry","value":"{\"_name\":\"TARGET_CONFIG\",\"_value\":\"{\\\"name\\\":\\\"default\\\"}\",\"_valueType\":\"string\"}"},{"dataType":"ValueEntry","value":"{\"_name\":\"BUILTIN_TASK_COMMAND\",\"_value\":\"\",\"_valueType\":\"string\"}"},{"dataType":"ValueEntry","value":"{\"_name\":\"BUILTIN_TASK_TOOLCHAIN\",\"_value\":\"E:\\\\devecostudionext\\\\DevecoNext\\\\DevEco Studio\\\\sdk\\\\HarmonyOS-NEXT-DB2\\\\openharmony\\\\toolchains\\\\restool.exe\",\"_valueType\":\"string\"}"},{"dataType":"ValueEntry","value":"{\"_name\":\"BUILTIN_TASK_ENV\",\"_value\":\"\",\"_valueType\":\"string\"}"}],"_successful":true,"_projectName":"smartTest","_moduleName":"entry","_taskName":"default@PreviewCompileResource","_key":":smartTest:entry:default@PreviewCompileResource","_executionId":":smartTest:entry:default@PreviewCompileResource:1726877427059","_inputFiles":{"dataType":"Map","value":[["D:\\HarmonyOsNextWorkspace\\smartTest\\entry\\src\\main\\resources",{"fileSnapShotHashValue":"534031ecd50d873c0267ba066301ed2b"}],["D:\\HarmonyOsNextWorkspace\\smartTest\\entry\\.preview\\default\\intermediates\\merge_profile\\default\\module.json",{"fileSnapShotHashValue":"1b1061ae92529dc679768abf5f0efe37"}]]},"_outputFiles":{"dataType":"Map","value":[["D:\\HarmonyOsNextWorkspace\\smartTest\\entry\\.preview\\default\\intermediates\\res\\default",{"isDirectory":true,"fileSnapShotHashValue":"989db85fd75bba4ae17f22448c79be36"}],["D:\\HarmonyOsNextWorkspace\\smartTest\\entry\\.preview\\default\\generated\\r\\default",{"isDirectory":true,"fileSnapShotHashValue":"c551847611eec0da60eb4cdd3e6253e7"}]]}},":smartTest:entry:default@CopyPreviewProfile":{"_inputs":[{"dataType":"ValueEntry","value":"{\"_name\":\"BUILTIN_TASK_COMMAND\",\"_value\":\"\",\"_valueType\":\"string\"}"},{"dataType":"ValueEntry","value":"{\"_name\":\"BUILTIN_TASK_TOOLCHAIN\",\"_value\":\"\",\"_valueType\":\"string\"}"},{"dataType":"ValueEntry","value":"{\"_name\":\"BUILTIN_TASK_ENV\",\"_value\":\"\",\"_valueType\":\"string\"}"}],"_successful":true,"_projectName":"smartTest","_moduleName":"entry","_taskName":"default@CopyPreviewProfile","_key":":smartTest:entry:default@CopyPreviewProfile","_executionId":":smartTest:entry:default@CopyPreviewProfile:1726877427552","_inputFiles":{"dataType":"Map","value":[["D:\\HarmonyOsNextWorkspace\\smartTest\\entry\\src\\main\\resources\\base\\profile",{"fileSnapShotHashValue":"1f19e837d6ba7ef47b6f2ae0c6a91797"}]]},"_outputFiles":{"dataType":"Map","value":[["D:\\HarmonyOsNextWorkspace\\smartTest\\entry\\.preview\\default\\intermediates\\res\\default\\resources\\base\\profile",{"fileSnapShotHashValue":"b0f0ba3416dd6bbe995416aad6c55704"}]]}},":smartTest:entry:default@PreviewUpdateAssets":{"_inputs":[{"dataType":"ValueEntry","value":"{\"_name\":\"previewBuildConfigJson\",\"_value\":\"{\\\"deviceType\\\":\\\"phone,tablet,2in1\\\",\\\"checkEntry\\\":\\\"true\\\",\\\"localPropertiesPath\\\":\\\"D:\\\\\\\\HarmonyOsNextWorkspace\\\\\\\\smartTest\\\\\\\\local.properties\\\",\\\"Path\\\":\\\"E:\\\\\\\\devecostudionext\\\\\\\\DevecoNext\\\\\\\\DevEco Studio\\\\\\\\tools\\\\\\\\node\\\\\\\\\\\",\\\"note\\\":\\\"false\\\",\\\"aceProfilePath\\\":\\\"D:\\\\\\\\HarmonyOsNextWorkspace\\\\\\\\smartTest\\\\\\\\entry\\\\\\\\.preview\\\\\\\\default\\\\\\\\intermediates\\\\\\\\res\\\\\\\\default\\\\\\\\resources\\\\\\\\base\\\\\\\\profile\\\",\\\"isPreview\\\":\\\"true\\\",\\\"hapMode\\\":\\\"false\\\",\\\"buildMode\\\":\\\"debug\\\",\\\"img2bin\\\":\\\"true\\\",\\\"projectProfilePath\\\":\\\"D:\\\\\\\\HarmonyOsNextWorkspace\\\\\\\\smartTest\\\\\\\\build-profile.json5\\\",\\\"watchMode\\\":\\\"true\\\",\\\"appResource\\\":\\\"D:\\\\\\\\HarmonyOsNextWorkspace\\\\\\\\smartTest\\\\\\\\entry\\\\\\\\.preview\\\\\\\\default\\\\\\\\intermediates\\\\\\\\res\\\\\\\\default\\\\\\\\ResourceTable.txt\\\",\\\"logLevel\\\":\\\"3\\\",\\\"stageRouterConfig\\\":{\\\"contents\\\":[\\\"{\\\\\\\"module\\\\\\\":{\\\\\\\"pages\\\\\\\":\\\\\\\"$profile:main_pages\\\\\\\",\\\\\\\"name\\\\\\\":\\\\\\\"entry\\\\\\\"}}\\\",\\\"{\\\\\\\"src\\\\\\\":[\\\\\\\"pages/Index\\\\\\\",\\\\\\\"pages/Login\\\\\\\",\\\\\\\"pages/Register\\\\\\\",\\\\\\\"pages/hall\\\\\\\",\\\\\\\"pages/Purifier\\\\\\\",\\\\\\\"pages/LedLight\\\\\\\",\\\\\\\"pages/DoorLock\\\\\\\",\\\\\\\"pages/Kettle\\\\\\\",\\\\\\\"pages/MyPage\\\\\\\",\\\\\\\"pages/OpenPage\\\\\\\",\\\\\\\"pages/MyPageList1\\\\\\\",\\\\\\\"pages/MyPageList2\\\\\\\",\\\\\\\"pages/MyPageList3\\\\\\\",\\\\\\\"pages/MyPageList4\\\\\\\",\\\\\\\"pages/AddRoomPage\\\\\\\",\\\\\\\"pages/ZwPage\\\\\\\",\\\\\\\"pages/GJPage\\\\\\\",\\\\\\\"pages/TransitionPage\\\\\\\",\\\\\\\"pages/PrivacyPage\\\\\\\",\\\\\\\"pages/AboutPage\\\\\\\",\\\\\\\"pages/HealthCenter\\\\\\\",\\\\\\\"pages/HelpCenter\\\\\\\",\\\\\\\"pages/LostPasswordPage\\\\\\\",\\\\\\\"pages/Customer\\\\\\\",\\\\\\\"pages/AddEquipments\\\\\\\"]}\\\"],\\\"paths\\\":[\\\"D:\\\\\\\\HarmonyOsNextWorkspace\\\\\\\\smartTest\\\\\\\\entry\\\\\\\\.preview\\\\\\\\default\\\\\\\\intermediates\\\\\\\\res\\\\\\\\default\\\\\\\\module.json\\\",\\\"D:\\\\\\\\HarmonyOsNextWorkspace\\\\\\\\smartTest\\\\\\\\entry\\\\\\\\.preview\\\\\\\\default\\\\\\\\intermediates\\\\\\\\res\\\\\\\\default\\\\\\\\resources\\\\\\\\base\\\\\\\\profile\\\\\\\\main_pages.json\\\"]},\\\"aceBuildJson\\\":\\\"D:\\\\\\\\HarmonyOsNextWorkspace\\\\\\\\smartTest\\\\\\\\entry\\\\\\\\.preview\\\\\\\\default\\\\\\\\intermediates\\\\\\\\loader\\\\\\\\default\\\\\\\\loader.json\\\",\\\"aceModuleRoot\\\":\\\"D:\\\\\\\\HarmonyOsNextWorkspace\\\\\\\\smartTest\\\\\\\\entry\\\\\\\\src\\\\\\\\main\\\\\\\\ets\\\",\\\"aceSoPath\\\":\\\"D:\\\\\\\\HarmonyOsNextWorkspace\\\\\\\\smartTest\\\\\\\\entry\\\\\\\\.preview\\\\\\\\cache\\\\\\\\nativeDependencies.txt\\\",\\\"cachePath\\\":\\\"D:\\\\\\\\HarmonyOsNextWorkspace\\\\\\\\smartTest\\\\\\\\entry\\\\\\\\.preview\\\\\\\\cache\\\\\\\\.default\\\",\\\"aceModuleBuild\\\":\\\"D:\\\\\\\\HarmonyOsNextWorkspace\\\\\\\\smartTest\\\\\\\\entry\\\\\\\\.preview\\\\\\\\default\\\\\\\\intermediates\\\\\\\\assets\\\\\\\\default\\\\\\\\ets\\\",\\\"aceModuleJsonPath\\\":\\\"D:\\\\\\\\HarmonyOsNextWorkspace\\\\\\\\smartTest\\\\\\\\entry\\\\\\\\.preview\\\\\\\\default\\\\\\\\intermediates\\\\\\\\res\\\\\\\\default\\\\\\\\module.json\\\"}\",\"_valueType\":\"string\"}"},{"dataType":"ValueEntry","value":"{\"_name\":\"BUILTIN_TASK_COMMAND\",\"_value\":\"\",\"_valueType\":\"string\"}"},{"dataType":"ValueEntry","value":"{\"_name\":\"BUILTIN_TASK_TOOLCHAIN\",\"_value\":\"\",\"_valueType\":\"string\"}"},{"dataType":"ValueEntry","value":"{\"_name\":\"BUILTIN_TASK_ENV\",\"_value\":\"\",\"_valueType\":\"string\"}"}],"_successful":true,"_projectName":"smartTest","_moduleName":"entry","_taskName":"default@PreviewUpdateAssets","_key":":smartTest:entry:default@PreviewUpdateAssets","_executionId":":smartTest:entry:default@PreviewUpdateAssets:1726877427584","_inputFiles":{"dataType":"Map","value":[]},"_outputFiles":{"dataType":"Map","value":[["D:\\HarmonyOsNextWorkspace\\smartTest\\entry\\.preview\\default\\intermediates\\res\\default\\module.json",{"isDirectory":false,"fileSnapShotHashValue":"fd76eac2a3421dd58ec73bc88fe9ac06"}],["D:\\HarmonyOsNextWorkspace\\smartTest\\entry\\.preview\\default\\intermediates\\res\\default\\resources\\base\\profile\\main_pages.json",{"isDirectory":false,"fileSnapShotHashValue":"24744cbc0c75348679ad416365fc22e7"}]]}},":smartTest:entry:default@PreviewArkTS":{"_inputs":[{"dataType":"ValueEntry","value":"{\"_name\":\"debuggable\",\"_value\":true,\"_valueType\":\"boolean\"}"},{"dataType":"ValueEntry","value":"{\"_name\":\"isArk\",\"_value\":true,\"_valueType\":\"boolean\"}"},{"dataType":"ValueEntry","value":"{\"_name\":\"needCoverageInsert\",\"_value\":false,\"_valueType\":\"boolean\"}"},{"dataType":"ValueEntry","value":"{\"_name\":\"ark.tsImportSendable\",\"_value\":false,\"_valueType\":\"boolean\"}"},{"dataType":"ValueEntry","value":"{\"_name\":\"customTypes\",\"_value\":\"\",\"_valueType\":\"string\"}"},{"dataType":"ValueEntry","value":"{\"_name\":\"caseSensitiveCheck\",\"_value\":true,\"_valueType\":\"boolean\"}"},{"dataType":"ValueEntry","value":"{\"_name\":\"useNormalizedOHMUrl\",\"_value\":false,\"_valueType\":\"boolean\"}"},{"dataType":"ValueEntry","value":"{\"_name\":\"transformLib\",\"_value\":\"\",\"_valueType\":\"string\"}"},{"dataType":"ValueEntry","value":"{\"_name\":\"arkTsWdiget\",\"_value\":false,\"_valueType\":\"boolean\"}"},{"dataType":"ValueEntry","value":"{\"_name\":\"OBFUSCATION_ENABLE\",\"_value\":\"undefined\",\"_valueType\":\"string\"}"},{"dataType":"ValueEntry","value":"{\"_name\":\"noExternalImportByPath\",\"_value\":false,\"_valueType\":\"boolean\"}"},{"dataType":"ValueEntry","value":"{\"_name\":\"BUILTIN_TASK_COMMAND\",\"_value\":\"\",\"_valueType\":\"string\"}"},{"dataType":"ValueEntry","value":"{\"_name\":\"BUILTIN_TASK_TOOLCHAIN\",\"_value\":\"\",\"_valueType\":\"string\"}"},{"dataType":"ValueEntry","value":"{\"_name\":\"BUILTIN_TASK_ENV\",\"_value\":\"\",\"_valueType\":\"string\"}"}],"_successful":true,"_projectName":"smartTest","_moduleName":"entry","_taskName":"default@PreviewArkTS","_key":":smartTest:entry:default@PreviewArkTS","_executionId":":smartTest:entry:default@PreviewArkTS:1726877427601","_inputFiles":{"dataType":"Map","value":[["D:\\HarmonyOsNextWorkspace\\smartTest\\entry\\.preview\\default\\intermediates\\loader\\default",{"isDirectory":true,"fileSnapShotHashValue":"dd9692101f9f5a32bc312600ebc4f058"}],["D:\\HarmonyOsNextWorkspace\\smartTest\\entry\\.preview\\default\\intermediates\\res\\default\\ResourceTable.txt",{"fileSnapShotHashValue":"20ad41fd831567fba5712acf1ec3ac58"}],["D:\\HarmonyOsNextWorkspace\\smartTest\\entry\\.preview\\default\\intermediates\\res\\default\\module.json",{"fileSnapShotHashValue":"fd76eac2a3421dd58ec73bc88fe9ac06"}],["D:\\HarmonyOsNextWorkspace\\smartTest\\entry\\.preview\\default\\intermediates\\res\\default\\resources\\base\\profile",{"isDirectory":true,"fileSnapShotHashValue":"b0f0ba3416dd6bbe995416aad6c55704"}],["D:\\HarmonyOsNextWorkspace\\smartTest\\entry\\src\\main\\ets",{"isDirectory":true,"fileSnapShotHashValue":"e332487f6a4d593869b0291c0ca00b22"}],["D:\\HarmonyOsNextWorkspace\\smartTest\\entry\\.preview\\default\\generated\\profile\\default\\BuildProfile.ets",{"fileSnapShotHashValue":"492bf146c350d8be4ffbb2f3906a6248"}],["D:\\HarmonyOsNextWorkspace\\smartTest\\entry\\src\\mock\\mock-config.json5",{"isDirectory":false,"fileSnapShotHashValue":"8bbd0de19d2ec807cfc3dfc35045688b"}]]},"_outputFiles":{"dataType":"Map","value":[["D:\\HarmonyOsNextWorkspace\\smartTest\\entry\\.preview\\default\\intermediates\\loader_out\\default\\ets",{"isDirectory":true,"fileSnapShotHashValue":""}]]}},":smartTest:entry:default@GenerateMetadata":{"_inputs":[{"dataType":"ValueEntry","value":"{\"_name\":\"BUILTIN_TASK_COMMAND\",\"_value\":\"\",\"_valueType\":\"string\",\"_hash\":\"0b5d05294fdf4e78e8482ef53eb64ac0\"}"},{"dataType":"ValueEntry","value":"{\"_name\":\"BUILTIN_TASK_ENV\",\"_value\":\"\",\"_valueType\":\"string\",\"_hash\":\"cdcdc2ec8062ca9ec1de46dbf2bbc053\"}"},{"dataType":"ValueEntry","value":"{\"_name\":\"BUILTIN_TASK_TOOLCHAIN\",\"_value\":\"\",\"_valueType\":\"string\",\"_hash\":\"e7f94a9422a8bc317a7d90b58efcb5f6\"}"},{"dataType":"ValueEntry","value":"{\"_name\":\"enableSignTask\",\"_value\":true,\"_valueType\":\"boolean\",\"_hash\":\"910298825388ce24c00cb3c1aeb80caa\"}"},{"dataType":"ValueEntry","value":"{\"_name\":\"entryModules\",\"_value\":[],\"_valueType\":\"object\",\"_hash\":\"aea18c73616ef065de1f5734ffcfeacd\"}"},{"dataType":"ValueEntry","value":"{\"_name\":\"existSigningConfig\",\"_value\":false,\"_valueType\":\"boolean\",\"_hash\":\"1577ffedb088f641d0438ac50d5978d5\"}"},{"dataType":"ValueEntry","value":"{\"_name\":\"moduleDeviceType\",\"_value\":[\"phone\",\"tablet\",\"2in1\"],\"_valueType\":\"object\",\"_hash\":\"66b05e14942328cd2607b98a4b94245d\"}"},{"dataType":"ValueEntry","value":"{\"_name\":\"product\",\"_value\":\"default\",\"_valueType\":\"string\",\"_hash\":\"c78efd675257060e500cc4a185c4a166\"}"},{"dataType":"ValueEntry","value":"{\"_name\":\"remoteHspMetaData\",\"_valueType\":\"undefined\",\"_hash\":\"55a9137298c1d5ff2e0dbb72f4577d79\"}"},{"dataType":"ValueEntry","value":"{\"_name\":\"sdkToolchainsComponentVersion\",\"_value\":\"5.0.0.31\",\"_valueType\":\"string\",\"_hash\":\"15ce7cf96ef0633a34fe3e8e9b1839a2\"}"},{"dataType":"ValueEntry","value":"{\"_name\":\"targetConfig\",\"_value\":\"{\\\"name\\\":\\\"default\\\"}\",\"_valueType\":\"string\",\"_hash\":\"44f0c01d44e2bbf4013c5bb1f232e1fe\"}"}],"_successful":true,"_projectName":"smartTest","_moduleName":"entry","_taskName":"default@GenerateMetadata","_key":":smartTest:entry:default@GenerateMetadata","_executionId":":smartTest:entry:default@GenerateMetadata:1726849342194","_inputFiles":{"dataType":"Map","value":[["D:\\HarmonyOsNextWorkspace\\smartTest\\entry\\src\\main\\module.json5",{"fileSnapShotHashValue":"c1bbf4910381f67aa5552a8bd8e688dd"}]]},"_outputFiles":{"dataType":"Map","value":[["D:\\HarmonyOsNextWorkspace\\smartTest\\entry\\build\\default\\intermediates\\hap_metadata\\default\\output_metadata.json",{"fileSnapShotHashValue":"5f3070752496594789f474650310f622"}]]}},":smartTest:entry:default@ProcessIntegratedHsp":{"_inputs":[{"dataType":"ValueEntry","value":"{\"_name\":\"BUILTIN_TASK_COMMAND\",\"_value\":\"\",\"_valueType\":\"string\"}"},{"dataType":"ValueEntry","value":"{\"_name\":\"BUILTIN_TASK_TOOLCHAIN\",\"_value\":\"\",\"_valueType\":\"string\"}"},{"dataType":"ValueEntry","value":"{\"_name\":\"BUILTIN_TASK_ENV\",\"_value\":\"\",\"_valueType\":\"string\"}"}],"_successful":true,"_projectName":"smartTest","_moduleName":"entry","_taskName":"default@ProcessIntegratedHsp","_key":":smartTest:entry:default@ProcessIntegratedHsp","_executionId":":smartTest:entry:default@ProcessIntegratedHsp:1726878642649","_inputFiles":{"dataType":"Map","value":[]},"_outputFiles":{"dataType":"Map","value":[["D:\\HarmonyOsNextWorkspace\\smartTest\\build\\cache\\default\\integrated_hsp\\integratedHspCache.json",{"isDirectory":false,"fileSnapShotHashValue":""}]]}},":smartTest:entry:default@MakePackInfo":{"_inputs":[{"dataType":"ValueEntry","value":"{\"_name\":\"BUILTIN_TASK_COMMAND\",\"_value\":\"\",\"_valueType\":\"string\",\"_hash\":\"0b5d05294fdf4e78e8482ef53eb64ac0\"}"},{"dataType":"ValueEntry","value":"{\"_name\":\"BUILTIN_TASK_ENV\",\"_value\":\"\",\"_valueType\":\"string\",\"_hash\":\"cdcdc2ec8062ca9ec1de46dbf2bbc053\"}"},{"dataType":"ValueEntry","value":"{\"_name\":\"BUILTIN_TASK_TOOLCHAIN\",\"_value\":\"\",\"_valueType\":\"string\",\"_hash\":\"e7f94a9422a8bc317a7d90b58efcb5f6\"}"},{"dataType":"ValueEntry","value":"{\"_name\":\"appResOpt\",\"_value\":\"{\\\"app\\\":{\\\"bundleName\\\":\\\"com.example.myapplication444\\\",\\\"vendor\\\":\\\"example\\\",\\\"versionCode\\\":1000000,\\\"versionName\\\":\\\"1.0.0\\\",\\\"icon\\\":\\\"$media:home\\\",\\\"label\\\":\\\"$string:app_name\\\"}}\",\"_valueType\":\"string\",\"_hash\":\"8ae3395d88390e538f300869061b92cb\"}"},{"dataType":"ValueEntry","value":"{\"_name\":\"compatibleSdkVersion\",\"_value\":12,\"_valueType\":\"number\",\"_hash\":\"3c48b1937556f5c7e1ff0b2e0af0184f\"}"},{"dataType":"ValueEntry","value":"{\"_name\":\"compileSdkVersion\",\"_value\":12,\"_valueType\":\"number\",\"_hash\":\"56b3e38757636db61170725108e621dc\"}"},{"dataType":"ValueEntry","value":"{\"_name\":\"deviceTypes\",\"_value\":[\"phone\",\"tablet\",\"2in1\"],\"_valueType\":\"object\",\"_hash\":\"955f8760c6b7289b81ed107c2c4df075\"}"},{"dataType":"ValueEntry","value":"{\"_name\":\"integratedHsp\",\"_value\":false,\"_valueType\":\"boolean\",\"_hash\":\"e67900c25b1f9fb70cc779de77dc6912\"}"},{"dataType":"ValueEntry","value":"{\"_name\":\"moduleJsonOpt\",\"_value\":\"{\\\"module\\\":{\\\"name\\\":\\\"entry\\\",\\\"type\\\":\\\"entry\\\",\\\"description\\\":\\\"$string:module_desc\\\",\\\"mainElement\\\":\\\"EntryAbility\\\",\\\"deviceTypes\\\":[\\\"phone\\\",\\\"tablet\\\",\\\"2in1\\\"],\\\"deliveryWithInstall\\\":true,\\\"pages\\\":\\\"$profile:main_pages\\\",\\\"abilities\\\":[{\\\"name\\\":\\\"EntryAbility\\\",\\\"srcEntry\\\":\\\"./ets/entryability/EntryAbility.ets\\\",\\\"description\\\":\\\"$string:EntryAbility_desc\\\",\\\"icon\\\":\\\"$media:home\\\",\\\"label\\\":\\\"$string:EntryAbility_label\\\",\\\"startWindowIcon\\\":\\\"$media:startIcon\\\",\\\"startWindowBackground\\\":\\\"$color:start_window_background\\\",\\\"exported\\\":true,\\\"skills\\\":[{\\\"entities\\\":[\\\"entity.system.home\\\"],\\\"actions\\\":[\\\"action.system.home\\\"]}]}],\\\"extensionAbilities\\\":[{\\\"name\\\":\\\"EntryBackupAbility\\\",\\\"srcEntry\\\":\\\"./ets/entrybackupability/EntryBackupAbility.ets\\\",\\\"type\\\":\\\"backup\\\",\\\"exported\\\":false,\\\"metadata\\\":[{\\\"name\\\":\\\"ohos.extension.backup\\\",\\\"resource\\\":\\\"$profile:backup_config\\\"}]}],\\\"requestPermissions\\\":[{\\\"name\\\":\\\"ohos.permission.INTERNET\\\"}]}}\",\"_valueType\":\"string\",\"_hash\":\"5aa30b05ad95579bd6297362a360e98f\"}"},{"dataType":"ValueEntry","value":"{\"_name\":\"projectConfigAppOpt\",\"_valueType\":\"undefined\",\"_hash\":\"b52997704fa206ed96a13a1f2e464a85\"}"},{"dataType":"ValueEntry","value":"{\"_name\":\"releaseType\",\"_value\":\"Beta2\",\"_valueType\":\"string\",\"_hash\":\"c54d359d9f91df6eea3dad1623b8b6e8\"}"}],"_successful":true,"_projectName":"smartTest","_moduleName":"entry","_taskName":"default@MakePackInfo","_key":":smartTest:entry:default@MakePackInfo","_executionId":":smartTest:entry:default@MakePackInfo:1726849342276","_inputFiles":{"dataType":"Map","value":[["D:\\HarmonyOsNextWorkspace\\smartTest\\AppScope\\app.json5",{"fileSnapShotHashValue":"84d434f8d310385740387769d055b09b"}],["D:\\HarmonyOsNextWorkspace\\smartTest\\entry\\src\\main\\module.json5",{"fileSnapShotHashValue":"c1bbf4910381f67aa5552a8bd8e688dd"}],["D:\\HarmonyOsNextWorkspace\\smartTest\\build-profile.json5",{"fileSnapShotHashValue":"a08bb36750d19c13f3ba8e55e02e9fe6"}],["D:\\HarmonyOsNextWorkspace\\smartTest\\entry\\src\\main\\resources\\base\\profile\\backup_config.json",{"fileSnapShotHashValue":"6534ecd00f17485e509656c0ee6d81b5"}]]},"_outputFiles":{"dataType":"Map","value":[["D:\\HarmonyOsNextWorkspace\\smartTest\\entry\\build\\default\\outputs\\default\\pack.info",{"fileSnapShotHashValue":"db97067ad2f2cd94531b29d5470a935d"}]]}},":smartTest:entry:default@SyscapTransform":{"_inputs":[{"dataType":"ValueEntry","value":"{\"_name\":\"deviceTypes\",\"_value\":[\"phone\",\"tablet\",\"2in1\"],\"_valueType\":\"object\"}"},{"dataType":"ValueEntry","value":"{\"_name\":\"BUILTIN_TASK_COMMAND\",\"_value\":\"\",\"_valueType\":\"string\"}"},{"dataType":"ValueEntry","value":"{\"_name\":\"BUILTIN_TASK_TOOLCHAIN\",\"_value\":\"\",\"_valueType\":\"string\"}"},{"dataType":"ValueEntry","value":"{\"_name\":\"BUILTIN_TASK_ENV\",\"_value\":\"\",\"_valueType\":\"string\"}"}],"_successful":true,"_projectName":"smartTest","_moduleName":"entry","_taskName":"default@SyscapTransform","_key":":smartTest:entry:default@SyscapTransform","_executionId":":smartTest:entry:default@SyscapTransform:1726878642685","_inputFiles":{"dataType":"Map","value":[["E:\\devecostudionext\\DevecoNext\\DevEco Studio\\sdk\\HarmonyOS-NEXT-DB2\\openharmony\\toolchains\\syscap_tool.exe",{"fileSnapShotHashValue":"bcccccd7cc746a046d94e66f1a006645"}],["E:\\devecostudionext\\DevecoNext\\DevEco Studio\\sdk\\HarmonyOS-NEXT-DB2\\openharmony\\ets\\api\\device-define",{"fileSnapShotHashValue":"fab805eb43dbdde801b7b71fdd691aa6"}]]},"_outputFiles":{"dataType":"Map","value":[["D:\\HarmonyOsNextWorkspace\\smartTest\\entry\\build\\default\\intermediates\\syscap\\default\\rpcid.sc",{"fileSnapShotHashValue":""}]]}},":smartTest:entry:default@ProcessResource":{"_inputs":[{"dataType":"ValueEntry","value":"{\"_name\":\"BUILTIN_TASK_COMMAND\",\"_value\":\"\",\"_valueType\":\"string\",\"_hash\":\"0b5d05294fdf4e78e8482ef53eb64ac0\"}"},{"dataType":"ValueEntry","value":"{\"_name\":\"BUILTIN_TASK_ENV\",\"_value\":\"\",\"_valueType\":\"string\",\"_hash\":\"cdcdc2ec8062ca9ec1de46dbf2bbc053\"}"},{"dataType":"ValueEntry","value":"{\"_name\":\"BUILTIN_TASK_TOOLCHAIN\",\"_value\":\"\",\"_valueType\":\"string\",\"_hash\":\"e7f94a9422a8bc317a7d90b58efcb5f6\"}"},{"dataType":"ValueEntry","value":"{\"_name\":\"D:\\\\HarmonyOsNextWorkspace\\\\smartTest\\\\entry\\\\build\\\\default\\\\intermediates\\\\res\\\\default\\\\opt-compression.json\",\"_value\":\"{\\\"context\\\":{\\\"extensionPath\\\":\\\"E:\\\\\\\\devecostudionext\\\\\\\\DevecoNext\\\\\\\\DevEco Studio\\\\\\\\sdk\\\\\\\\HarmonyOS-NEXT-DB2\\\\\\\\hms\\\\\\\\toolchains\\\\\\\\lib\\\\\\\\libimage_transcoder_shared.dll\\\"},\\\"compression\\\":{\\\"media\\\":{\\\"enable\\\":false},\\\"filters\\\":[]}}\",\"_valueType\":\"string\",\"_hash\":\"2d00a7c6b6210255ce8a9b3bc151847c\"}"},{"dataType":"ValueEntry","value":"{\"_name\":\"resConfigJsonContent\",\"_value\":\"{\\\"configPath\\\":\\\"D:\\\\\\\\HarmonyOsNextWorkspace\\\\\\\\smartTest\\\\\\\\entry\\\\\\\\build\\\\\\\\default\\\\\\\\intermediates\\\\\\\\process_profile\\\\\\\\default\\\\\\\\module.json\\\",\\\"packageName\\\":\\\"com.example.myapplication444\\\",\\\"output\\\":\\\"D:\\\\\\\\HarmonyOsNextWorkspace\\\\\\\\smartTest\\\\\\\\entry\\\\\\\\build\\\\\\\\default\\\\\\\\intermediates\\\\\\\\res\\\\\\\\default\\\",\\\"moduleNames\\\":\\\"entry\\\",\\\"ResourceTable\\\":[\\\"D:\\\\\\\\HarmonyOsNextWorkspace\\\\\\\\smartTest\\\\\\\\entry\\\\\\\\build\\\\\\\\default\\\\\\\\generated\\\\\\\\r\\\\\\\\default\\\\\\\\ResourceTable.h\\\"],\\\"applicationResource\\\":\\\"D:\\\\\\\\HarmonyOsNextWorkspace\\\\\\\\smartTest\\\\\\\\AppScope\\\\\\\\resources\\\",\\\"moduleResources\\\":[\\\"D:\\\\\\\\HarmonyOsNextWorkspace\\\\\\\\smartTest\\\\\\\\entry\\\\\\\\src\\\\\\\\main\\\\\\\\resources\\\"],\\\"dependencies\\\":[],\\\"iconCheck\\\":true,\\\"ids\\\":\\\"D:\\\\\\\\HarmonyOsNextWorkspace\\\\\\\\smartTest\\\\\\\\entry\\\\\\\\build\\\\\\\\default\\\\\\\\intermediates\\\\\\\\res\\\\\\\\default\\\\\\\\ids_map\\\",\\\"definedIds\\\":\\\"D:\\\\\\\\HarmonyOsNextWorkspace\\\\\\\\smartTest\\\\\\\\entry\\\\\\\\build\\\\\\\\default\\\\\\\\intermediates\\\\\\\\res\\\\\\\\default\\\\\\\\ids_map\\\\\\\\id_defined.json\\\",\\\"definedSysIds\\\":\\\"E:\\\\\\\\devecostudionext\\\\\\\\DevecoNext\\\\\\\\DevEco Studio\\\\\\\\sdk\\\\\\\\HarmonyOS-NEXT-DB2\\\\\\\\hms\\\\\\\\toolchains\\\\\\\\id_defined.json\\\"}\",\"_valueType\":\"string\",\"_hash\":\"039724d0bec503cadcbe6f8d6c47dee1\"}"}],"_successful":true,"_projectName":"smartTest","_moduleName":"entry","_taskName":"default@ProcessResource","_key":":smartTest:entry:default@ProcessResource","_executionId":":smartTest:entry:default@ProcessResource:1726849342612","_inputFiles":{"dataType":"Map","value":[]},"_outputFiles":{"dataType":"Map","value":[["D:\\HarmonyOsNextWorkspace\\smartTest\\entry\\build\\default\\intermediates\\res\\default\\resConfig.json",{"isDirectory":false,"fileSnapShotHashValue":"4b518654e9de24529e1111cc6d54dddb"}],["D:\\HarmonyOsNextWorkspace\\smartTest\\entry\\build\\default\\intermediates\\res\\default\\opt-compression.json",{"isDirectory":false,"fileSnapShotHashValue":"d5c910fe829d837a223f7e3e9f6fed0f"}]]}},":smartTest:entry:default@ProcessLibs":{"_inputs":[{"dataType":"ValueEntry","value":"{\"_name\":\"BUILTIN_TASK_COMMAND\",\"_value\":\"\",\"_valueType\":\"string\",\"_hash\":\"0b5d05294fdf4e78e8482ef53eb64ac0\"}"},{"dataType":"ValueEntry","value":"{\"_name\":\"BUILTIN_TASK_ENV\",\"_value\":\"\",\"_valueType\":\"string\",\"_hash\":\"cdcdc2ec8062ca9ec1de46dbf2bbc053\"}"},{"dataType":"ValueEntry","value":"{\"_name\":\"BUILTIN_TASK_TOOLCHAIN\",\"_value\":\"\",\"_valueType\":\"string\",\"_hash\":\"e7f94a9422a8bc317a7d90b58efcb5f6\"}"}],"_successful":true,"_projectName":"smartTest","_moduleName":"entry","_taskName":"default@ProcessLibs","_key":":smartTest:entry:default@ProcessLibs","_executionId":":smartTest:entry:default@ProcessLibs:1726849342676","_inputFiles":{"dataType":"Map","value":[["D:\\HarmonyOsNextWorkspace\\smartTest\\build-profile.json5",{"fileSnapShotHashValue":"a08bb36750d19c13f3ba8e55e02e9fe6"}],["D:\\HarmonyOsNextWorkspace\\smartTest\\entry\\build-profile.json5",{"fileSnapShotHashValue":"26f02ec73311b1712b444dff8cc5f587"}]]},"_outputFiles":{"dataType":"Map","value":[["D:\\HarmonyOsNextWorkspace\\smartTest\\entry\\build\\default\\intermediates\\libs\\default",{"isDirectory":true,"fileSnapShotHashValue":""}]]}},":smartTest:entry:default@CompileResource":{"_inputs":[{"dataType":"ValueEntry","value":"{\"_name\":\"BUILTIN_TASK_COMMAND\",\"_value\":\"E:\\\\devecostudionext\\\\DevecoNext\\\\DevEco Studio\\\\sdk\\\\HarmonyOS-NEXT-DB2\\\\openharmony\\\\toolchains\\\\restool.exe,-l,D:\\\\HarmonyOsNextWorkspace\\\\smartTest\\\\entry\\\\build\\\\default\\\\intermediates\\\\res\\\\default\\\\resConfig.json\",\"_valueType\":\"string\",\"_hash\":\"da6d41c4d7262e975691a0219442dd5c\"}"},{"dataType":"ValueEntry","value":"{\"_name\":\"BUILTIN_TASK_ENV\",\"_value\":\"\",\"_valueType\":\"string\",\"_hash\":\"cdcdc2ec8062ca9ec1de46dbf2bbc053\"}"},{"dataType":"ValueEntry","value":"{\"_name\":\"BUILTIN_TASK_TOOLCHAIN\",\"_value\":\"E:\\\\devecostudionext\\\\DevecoNext\\\\DevEco Studio\\\\sdk\\\\HarmonyOS-NEXT-DB2\\\\openharmony\\\\toolchains\\\\restool.exe\",\"_valueType\":\"string\",\"_hash\":\"970d2c5976859527d6bb4e0653882028\"}"},{"dataType":"ValueEntry","value":"{\"_name\":\"TARGET_CONFIG\",\"_value\":\"{\\\"name\\\":\\\"default\\\"}\",\"_valueType\":\"string\",\"_hash\":\"ebe85c5c20c0e5d9e03bc5dc7135f953\"}"}],"_successful":true,"_projectName":"smartTest","_moduleName":"entry","_taskName":"default@CompileResource","_key":":smartTest:entry:default@CompileResource","_executionId":":smartTest:entry:default@CompileResource:1726877453011","_inputFiles":{"dataType":"Map","value":[["D:\\HarmonyOsNextWorkspace\\smartTest\\entry\\src\\main\\resources",{"fileSnapShotHashValue":"534031ecd50d873c0267ba066301ed2b"}],["D:\\HarmonyOsNextWorkspace\\smartTest\\AppScope\\resources",{"fileSnapShotHashValue":"e04fdb4d4aeaedc47fbd9ff3763fea9e"}],["D:\\HarmonyOsNextWorkspace\\smartTest\\entry\\build\\default\\intermediates\\process_profile\\default\\module.json",{"isDirectory":false,"fileSnapShotHashValue":"b5599402ebeb5993d4c9305144f32cba"}],["D:\\HarmonyOsNextWorkspace\\smartTest\\entry\\build\\default\\intermediates\\res\\default\\resConfig.json",{"isDirectory":false,"fileSnapShotHashValue":"4b518654e9de24529e1111cc6d54dddb"}]]},"_outputFiles":{"dataType":"Map","value":[["D:\\HarmonyOsNextWorkspace\\smartTest\\entry\\build\\default\\intermediates\\res\\default",{"isDirectory":true,"fileSnapShotHashValue":"337b290acb5b7f1fdc6ec08bcbe4246d"}],["D:\\HarmonyOsNextWorkspace\\smartTest\\entry\\build\\default\\generated\\r\\default\\ResourceTable.h",{"isDirectory":false,"fileSnapShotHashValue":"e32376d0d19e780361cc88b1c3f58c3f"}],["D:\\HarmonyOsNextWorkspace\\smartTest\\entry\\build\\default\\generated\\r\\default",{"isDirectory":true,"fileSnapShotHashValue":"d72119188515f4a23de9fbf3e913765f"}]]}},":smartTest:entry:default@CompileArkTS":{"_inputs":[{"dataType":"ValueEntry","value":"{\"_name\":\"debuggable\",\"_value\":true,\"_valueType\":\"boolean\"}"},{"dataType":"ValueEntry","value":"{\"_name\":\"isArk\",\"_value\":true,\"_valueType\":\"boolean\"}"},{"dataType":"ValueEntry","value":"{\"_name\":\"needCoverageInsert\",\"_value\":false,\"_valueType\":\"boolean\"}"},{"dataType":"ValueEntry","value":"{\"_name\":\"ark.tsImportSendable\",\"_value\":false,\"_valueType\":\"boolean\"}"},{"dataType":"ValueEntry","value":"{\"_name\":\"customTypes\",\"_value\":\"\",\"_valueType\":\"string\"}"},{"dataType":"ValueEntry","value":"{\"_name\":\"caseSensitiveCheck\",\"_value\":true,\"_valueType\":\"boolean\"}"},{"dataType":"ValueEntry","value":"{\"_name\":\"useNormalizedOHMUrl\",\"_value\":false,\"_valueType\":\"boolean\"}"},{"dataType":"ValueEntry","value":"{\"_name\":\"transformLib\",\"_value\":\"\",\"_valueType\":\"string\"}"},{"dataType":"ValueEntry","value":"{\"_name\":\"arkTsWdiget\",\"_value\":false,\"_valueType\":\"boolean\"}"},{"dataType":"ValueEntry","value":"{\"_name\":\"OBFUSCATION_ENABLE\",\"_value\":\"undefined\",\"_valueType\":\"string\"}"},{"dataType":"ValueEntry","value":"{\"_name\":\"noExternalImportByPath\",\"_value\":false,\"_valueType\":\"boolean\"}"},{"dataType":"ValueEntry","value":"{\"_name\":\"BUILTIN_TASK_COMMAND\",\"_value\":\"\",\"_valueType\":\"string\"}"},{"dataType":"ValueEntry","value":"{\"_name\":\"BUILTIN_TASK_TOOLCHAIN\",\"_value\":\"\",\"_valueType\":\"string\"}"},{"dataType":"ValueEntry","value":"{\"_name\":\"BUILTIN_TASK_ENV\",\"_value\":\"\",\"_valueType\":\"string\"}"}],"_successful":true,"_projectName":"smartTest","_moduleName":"entry","_taskName":"default@CompileArkTS","_key":":smartTest:entry:default@CompileArkTS","_executionId":":smartTest:entry:default@CompileArkTS:1726878642907","_inputFiles":{"dataType":"Map","value":[["D:\\HarmonyOsNextWorkspace\\smartTest\\entry\\build\\default\\intermediates\\loader\\default",{"isDirectory":true,"fileSnapShotHashValue":"fb9cddb6b596b99bc92070d09ccbddb4"}],["D:\\HarmonyOsNextWorkspace\\smartTest\\entry\\build\\default\\intermediates\\res\\default\\resources\\rawfile",{"isDirectory":true,"fileSnapShotHashValue":""}],["D:\\HarmonyOsNextWorkspace\\smartTest\\entry\\build\\default\\intermediates\\res\\default\\ResourceTable.txt",{"fileSnapShotHashValue":"26768056b1150bf8479b17c987a156fa"}],["D:\\HarmonyOsNextWorkspace\\smartTest\\entry\\build\\default\\intermediates\\res\\default\\module.json",{"fileSnapShotHashValue":"9a6ceaee38e9ceafd2f142d54f194b3e"}],["D:\\HarmonyOsNextWorkspace\\smartTest\\entry\\build\\default\\intermediates\\res\\default\\resources\\base\\profile",{"isDirectory":true,"fileSnapShotHashValue":"1f19e837d6ba7ef47b6f2ae0c6a91797"}],["D:\\HarmonyOsNextWorkspace\\smartTest\\entry\\src\\main\\ets",{"isDirectory":true,"fileSnapShotHashValue":"fc3c7e1a528d7acf0fadbd10681739d8"}],["D:\\HarmonyOsNextWorkspace\\smartTest\\entry\\build\\default\\generated\\profile\\default\\BuildProfile.ets",{"fileSnapShotHashValue":"69148f882b8d655724ad9bfe6782e65a"}],["D:\\HarmonyOsNextWorkspace\\smartTest\\entry\\src\\mock\\mock-config.json5",{"isDirectory":false,"fileSnapShotHashValue":"8bbd0de19d2ec807cfc3dfc35045688b"}]]},"_outputFiles":{"dataType":"Map","value":[["D:\\HarmonyOsNextWorkspace\\smartTest\\entry\\build\\default\\intermediates\\loader_out\\default\\ets",{"isDirectory":true,"fileSnapShotHashValue":"57a57b3486c1f8b5957e7c64c1d2e8f6"}]]}},":smartTest:entry:default@BuildJS":{"_inputs":[{"dataType":"ValueEntry","value":"{\"_name\":\"debuggable\",\"_value\":true,\"_valueType\":\"boolean\"}"},{"dataType":"ValueEntry","value":"{\"_name\":\"isArk\",\"_value\":true,\"_valueType\":\"boolean\"}"},{"dataType":"ValueEntry","value":"{\"_name\":\"needCoverageInsert\",\"_value\":false,\"_valueType\":\"boolean\"}"},{"dataType":"ValueEntry","value":"{\"_name\":\"ark.tsImportSendable\",\"_value\":false,\"_valueType\":\"boolean\"}"},{"dataType":"ValueEntry","value":"{\"_name\":\"customTypes\",\"_value\":\"\",\"_valueType\":\"string\"}"},{"dataType":"ValueEntry","value":"{\"_name\":\"caseSensitiveCheck\",\"_value\":true,\"_valueType\":\"boolean\"}"},{"dataType":"ValueEntry","value":"{\"_name\":\"useNormalizedOHMUrl\",\"_value\":false,\"_valueType\":\"boolean\"}"},{"dataType":"ValueEntry","value":"{\"_name\":\"transformLib\",\"_value\":\"\",\"_valueType\":\"string\"}"},{"dataType":"ValueEntry","value":"{\"_name\":\"BUILTIN_TASK_COMMAND\",\"_value\":\"\",\"_valueType\":\"string\"}"},{"dataType":"ValueEntry","value":"{\"_name\":\"BUILTIN_TASK_TOOLCHAIN\",\"_value\":\"\",\"_valueType\":\"string\"}"},{"dataType":"ValueEntry","value":"{\"_name\":\"BUILTIN_TASK_ENV\",\"_value\":\"\",\"_valueType\":\"string\"}"}],"_successful":false,"_projectName":"smartTest","_moduleName":"entry","_taskName":"default@BuildJS","_key":":smartTest:entry:default@BuildJS","_executionId":":smartTest:entry:default@BuildJS:1726878642972","_inputFiles":{"dataType":"Map","value":[["D:\\HarmonyOsNextWorkspace\\smartTest\\entry\\build\\default\\intermediates\\loader\\default",{"isDirectory":true,"fileSnapShotHashValue":"fb9cddb6b596b99bc92070d09ccbddb4"}],["D:\\HarmonyOsNextWorkspace\\smartTest\\entry\\build\\default\\intermediates\\res\\default\\resources\\rawfile",{"isDirectory":true,"fileSnapShotHashValue":""}],["D:\\HarmonyOsNextWorkspace\\smartTest\\entry\\build\\default\\intermediates\\res\\default\\ResourceTable.txt",{"fileSnapShotHashValue":"26768056b1150bf8479b17c987a156fa"}],["D:\\HarmonyOsNextWorkspace\\smartTest\\entry\\build\\default\\intermediates\\res\\default\\module.json",{"fileSnapShotHashValue":"9a6ceaee38e9ceafd2f142d54f194b3e"}],["D:\\HarmonyOsNextWorkspace\\smartTest\\entry\\build\\default\\intermediates\\res\\default\\resources\\base\\profile",{"isDirectory":true,"fileSnapShotHashValue":"1f19e837d6ba7ef47b6f2ae0c6a91797"}]]},"_outputFiles":{"dataType":"Map","value":[["D:\\HarmonyOsNextWorkspace\\smartTest\\entry\\build\\default\\intermediates\\loader_out\\default\\js",{"isDirectory":true,"fileSnapShotHashValue":""}]]}},":smartTest:entry:default@DoNativeStrip":{"_inputs":[{"dataType":"ValueEntry","value":"{\"_name\":\"BUILTIN_TASK_COMMAND\",\"_value\":\"\",\"_valueType\":\"string\",\"_hash\":\"0b5d05294fdf4e78e8482ef53eb64ac0\"}"},{"dataType":"ValueEntry","value":"{\"_name\":\"BUILTIN_TASK_ENV\",\"_value\":\"\",\"_valueType\":\"string\",\"_hash\":\"cdcdc2ec8062ca9ec1de46dbf2bbc053\"}"},{"dataType":"ValueEntry","value":"{\"_name\":\"BUILTIN_TASK_TOOLCHAIN\",\"_value\":\"\",\"_valueType\":\"string\",\"_hash\":\"e7f94a9422a8bc317a7d90b58efcb5f6\"}"}],"_successful":true,"_projectName":"smartTest","_moduleName":"entry","_taskName":"default@DoNativeStrip","_key":":smartTest:entry:default@DoNativeStrip","_executionId":":smartTest:entry:default@DoNativeStrip:1726849344990","_inputFiles":{"dataType":"Map","value":[["D:\\HarmonyOsNextWorkspace\\smartTest\\entry\\build\\default\\intermediates\\libs\\default",{"isDirectory":true,"fileSnapShotHashValue":""}]]},"_outputFiles":{"dataType":"Map","value":[["D:\\HarmonyOsNextWorkspace\\smartTest\\entry\\build\\default\\intermediates\\stripped_native_libs\\default",{"isDirectory":true,"fileSnapShotHashValue":""}]]}},":smartTest:entry:default@CacheNativeLibs":{"_inputs":[{"dataType":"ValueEntry","value":"{\"_name\":\"BUILTIN_TASK_COMMAND\",\"_value\":\"\",\"_valueType\":\"string\",\"_hash\":\"0b5d05294fdf4e78e8482ef53eb64ac0\"}"},{"dataType":"ValueEntry","value":"{\"_name\":\"BUILTIN_TASK_ENV\",\"_value\":\"\",\"_valueType\":\"string\",\"_hash\":\"cdcdc2ec8062ca9ec1de46dbf2bbc053\"}"},{"dataType":"ValueEntry","value":"{\"_name\":\"BUILTIN_TASK_TOOLCHAIN\",\"_value\":\"\",\"_valueType\":\"string\",\"_hash\":\"e7f94a9422a8bc317a7d90b58efcb5f6\"}"}],"_successful":true,"_projectName":"smartTest","_moduleName":"entry","_taskName":"default@CacheNativeLibs","_key":":smartTest:entry:default@CacheNativeLibs","_executionId":":smartTest:entry:default@CacheNativeLibs:1726849345665","_inputFiles":{"dataType":"Map","value":[["D:\\HarmonyOsNextWorkspace\\smartTest\\entry\\build\\default\\intermediates\\libs\\default",{"isDirectory":true,"fileSnapShotHashValue":""}],["D:\\HarmonyOsNextWorkspace\\smartTest\\entry\\build\\default\\intermediates\\stripped_native_libs\\default",{"isDirectory":true,"fileSnapShotHashValue":""}]]},"_outputFiles":{"dataType":"Map","value":[["D:\\HarmonyOsNextWorkspace\\smartTest\\entry\\build\\default\\intermediates\\patch\\default\\base_native_libs.json",{"isDirectory":false,"fileSnapShotHashValue":"ceaa26827df911ec44905173e8b22642"}]]}},":smartTest:entry:default@GeneratePkgModuleJson":{"_inputs":[{"dataType":"ValueEntry","value":"{\"_name\":\"BUILTIN_TASK_COMMAND\",\"_value\":\"\",\"_valueType\":\"string\",\"_hash\":\"0b5d05294fdf4e78e8482ef53eb64ac0\"}"},{"dataType":"ValueEntry","value":"{\"_name\":\"BUILTIN_TASK_ENV\",\"_value\":\"\",\"_valueType\":\"string\",\"_hash\":\"cdcdc2ec8062ca9ec1de46dbf2bbc053\"}"},{"dataType":"ValueEntry","value":"{\"_name\":\"BUILTIN_TASK_TOOLCHAIN\",\"_value\":\"\",\"_valueType\":\"string\",\"_hash\":\"e7f94a9422a8bc317a7d90b58efcb5f6\"}"}],"_successful":true,"_projectName":"smartTest","_moduleName":"entry","_taskName":"default@GeneratePkgModuleJson","_key":":smartTest:entry:default@GeneratePkgModuleJson","_executionId":":smartTest:entry:default@GeneratePkgModuleJson:1726877454951","_inputFiles":{"dataType":"Map","value":[["D:\\HarmonyOsNextWorkspace\\smartTest\\entry\\build\\default\\intermediates\\res\\default\\module.json",{"fileSnapShotHashValue":"9a6ceaee38e9ceafd2f142d54f194b3e"}]]},"_outputFiles":{"dataType":"Map","value":[["D:\\HarmonyOsNextWorkspace\\smartTest\\entry\\build\\default\\intermediates\\package\\default\\module.json",{"fileSnapShotHashValue":"9a6ceaee38e9ceafd2f142d54f194b3e"}]]}},":smartTest:entry:default@PackageHap":{"_inputs":[{"dataType":"ValueEntry","value":"{\"_name\":\"hotReload\",\"_value\":false,\"_valueType\":\"boolean\"}"},{"dataType":"ValueEntry","value":"{\"_name\":\"integrated_hsp\",\"_value\":false,\"_valueType\":\"boolean\"}"},{"dataType":"ValueEntry","value":"{\"_name\":\"projectConfigAppOpt\",\"_valueType\":\"undefined\"}"},{"dataType":"ValueEntry","value":"{\"_name\":\"sourceMapDir\",\"_value\":\"\",\"_valueType\":\"string\"}"},{"dataType":"ValueEntry","value":"{\"_name\":\"bundleType\",\"_value\":\"app\",\"_valueType\":\"string\"}"},{"dataType":"ValueEntry","value":"{\"_name\":\"BUILTIN_TASK_COMMAND\",\"_value\":\"java,-Dfile.encoding=GBK,-jar,E:\\\\devecostudionext\\\\DevecoNext\\\\DevEco Studio\\\\sdk\\\\HarmonyOS-NEXT-DB2\\\\openharmony\\\\toolchains\\\\lib\\\\app_packing_tool.jar,--mode,hap,--force,true,--lib-path,D:\\\\HarmonyOsNextWorkspace\\\\smartTest\\\\entry\\\\build\\\\default\\\\intermediates\\\\stripped_native_libs\\\\default,--json-path,D:\\\\HarmonyOsNextWorkspace\\\\smartTest\\\\entry\\\\build\\\\default\\\\intermediates\\\\package\\\\default\\\\module.json,--resources-path,D:\\\\HarmonyOsNextWorkspace\\\\smartTest\\\\entry\\\\build\\\\default\\\\intermediates\\\\res\\\\default\\\\resources,--index-path,D:\\\\HarmonyOsNextWorkspace\\\\smartTest\\\\entry\\\\build\\\\default\\\\intermediates\\\\res\\\\default\\\\resources.index,--pack-info-path,D:\\\\HarmonyOsNextWorkspace\\\\smartTest\\\\entry\\\\build\\\\default\\\\outputs\\\\default\\\\pack.info,--out-path,D:\\\\HarmonyOsNextWorkspace\\\\smartTest\\\\entry\\\\build\\\\default\\\\outputs\\\\default\\\\entry-default-unsigned.hap,--ets-path,D:\\\\HarmonyOsNextWorkspace\\\\smartTest\\\\entry\\\\build\\\\default\\\\intermediates\\\\loader_out\\\\default\\\\ets\",\"_valueType\":\"string\"}"},{"dataType":"ValueEntry","value":"{\"_name\":\"BUILTIN_TASK_TOOLCHAIN\",\"_value\":\"E:\\\\devecostudionext\\\\DevecoNext\\\\DevEco Studio\\\\sdk\\\\HarmonyOS-NEXT-DB2\\\\openharmony\\\\toolchains\\\\lib\\\\app_packing_tool.jar\",\"_valueType\":\"string\"}"},{"dataType":"ValueEntry","value":"{\"_name\":\"BUILTIN_TASK_ENV\",\"_value\":\"\",\"_valueType\":\"string\"}"}],"_successful":true,"_projectName":"smartTest","_moduleName":"entry","_taskName":"default@PackageHap","_key":":smartTest:entry:default@PackageHap","_executionId":":smartTest:entry:default@PackageHap:1726878646779","_inputFiles":{"dataType":"Map","value":[["D:\\HarmonyOsNextWorkspace\\smartTest\\entry\\build\\default\\intermediates\\stripped_native_libs\\default",{"isDirectory":false,"fileSnapShotHashValue":""}],["D:\\HarmonyOsNextWorkspace\\smartTest\\entry\\build\\default\\intermediates\\res\\default\\module.json",{"isDirectory":false,"fileSnapShotHashValue":"9a6ceaee38e9ceafd2f142d54f194b3e"}],["D:\\HarmonyOsNextWorkspace\\smartTest\\entry\\build\\default\\intermediates\\res\\default\\resources",{"isDirectory":false,"fileSnapShotHashValue":"9a49f958cc4ac1e41f72012c7b46ae80"}],["D:\\HarmonyOsNextWorkspace\\smartTest\\entry\\build\\default\\intermediates\\res\\default\\resources.index",{"isDirectory":false,"fileSnapShotHashValue":"90cecbad9294f64ce71fe666334f1051"}],["D:\\HarmonyOsNextWorkspace\\smartTest\\entry\\build\\default\\outputs\\default\\pack.info",{"isDirectory":false,"fileSnapShotHashValue":"db97067ad2f2cd94531b29d5470a935d"}],["D:\\HarmonyOsNextWorkspace\\smartTest\\entry\\build\\default\\intermediates\\loader_out\\default\\ets",{"isDirectory":false,"fileSnapShotHashValue":"57a57b3486c1f8b5957e7c64c1d2e8f6"}],["D:\\HarmonyOsNextWorkspace\\smartTest\\entry\\build\\default\\generated\\profile\\default\\BuildProfile.ets",{"fileSnapShotHashValue":"69148f882b8d655724ad9bfe6782e65a"}]]},"_outputFiles":{"dataType":"Map","value":[["D:\\HarmonyOsNextWorkspace\\smartTest\\entry\\build\\default\\outputs\\default\\entry-default-unsigned.hap",{"isDirectory":false,"fileSnapShotHashValue":"689b44cf4b3cf0ac78d148652850443d"}],["D:\\HarmonyOsNextWorkspace\\smartTest\\entry\\build\\default\\outputs\\default\\mapping\\sourceMaps.map",{"fileSnapShotHashValue":"880d25d14dce8a14e3ec9c811ded4467"}]]}},":smartTest:entry:default@SignHap":{"_inputs":[{"dataType":"ValueEntry","value":"{\"_name\":\"enableSignTask\",\"_value\":true,\"_valueType\":\"boolean\"}"},{"dataType":"ValueEntry","value":"{\"_name\":\"sdkToolchainsComponentVersion\",\"_value\":\"5.0.0.31\",\"_valueType\":\"string\"}"},{"dataType":"ValueEntry","value":"{\"_name\":\"existSigningConfig\",\"_value\":false,\"_valueType\":\"boolean\"}"},{"dataType":"ValueEntry","value":"{\"_name\":\"BUILTIN_TASK_COMMAND\",\"_value\":\"\",\"_valueType\":\"string\"}"},{"dataType":"ValueEntry","value":"{\"_name\":\"BUILTIN_TASK_TOOLCHAIN\",\"_value\":\"\",\"_valueType\":\"string\"}"},{"dataType":"ValueEntry","value":"{\"_name\":\"BUILTIN_TASK_ENV\",\"_value\":\"\",\"_valueType\":\"string\"}"}],"_successful":true,"_projectName":"smartTest","_moduleName":"entry","_taskName":"default@SignHap","_key":":smartTest:entry:default@SignHap","_executionId":":smartTest:entry:default@SignHap:1726878648067","_inputFiles":{"dataType":"Map","value":[["D:\\HarmonyOsNextWorkspace\\smartTest\\entry\\build\\default\\outputs\\default\\entry-default-unsigned.hap",{"isDirectory":false,"fileSnapShotHashValue":"689b44cf4b3cf0ac78d148652850443d"}]]},"_outputFiles":{"dataType":"Map","value":[["D:\\HarmonyOsNextWorkspace\\smartTest\\entry\\build\\default\\outputs\\default\\entry-default-signed.hap",{"isDirectory":false,"fileSnapShotHashValue":""}]]}}}